aquerrard0,jIvKJvGjIW,Adrien,Querrard,aquerrard0@iastate.edu,132659771,0
nopenshaw1,VrE59X,Ninnetta,Openshaw,nopenshaw1@iastate.edu,885035651,0
bruspine2,xjTgSog4F9nO,Blair,Ruspine,bruspine2@iastate.edu,734887536,0
mmilley3,gEnwWx8IwT,Michel,Milley,mmilley3@iastate.edu,719361230,0
rgaughan4,VuP6Ely,Rand,Gaughan,rgaughan4@iastate.edu,610800659,0
ebirtwistle5,OkghUKoEJ9LP,Evie,Birtwistle,ebirtwistle5@iastate.edu,836743924,0
agianiello6,LP4I93ZaBf6R,Adriana,Gianiello,agianiello6@iastate.edu,203686880,0
rlewtey7,xljGPSfH,Rosalia,Lewtey,rlewtey7@iastate.edu,208478794,0
gromme8,yWqG7lUUT,Gisella,Romme,gromme8@iastate.edu,118494782,0
ldeville9,5HOEgDNQJ,Leonid,De-Ville,ldeville9@iastate.edu,156657602,0
gpealinga,guUd3wXq6,Gates,Pealing,gpealinga@iastate.edu,243394634,0
oocorrinb,74dxTfYK,Oriana,O'Corrin,oocorrinb@iastate.edu,330042299,0
tcasarilic,QPBiGDh,Trevar,Casarili,tcasarilic@iastate.edu,748060352,0
cmatschked,weZJ9nz1,Chrystal,Matschke,cmatschked@iastate.edu,664597785,0
mdrenge,ffNZs47m,Marten,Dreng,mdrenge@iastate.edu,176448561,0
kwaggf,E7MtQg2bi,Karoly,Wagg,kwaggf@iastate.edu,173556473,0
lpaulerg,Z7PoVBZiOi,Linus,Pauler,lpaulerg@iastate.edu,530399730,0
lshelveyh,o7RWrEl,Lisha,Shelvey,lshelveyh@iastate.edu,924040798,0
teyteli,HLDQna5Z5QVS,Tilly,Eytel,teyteli@iastate.edu,700665453,0
aashlinj,CdXm1TiX,Alexandrina,Ashlin,aashlinj@iastate.edu,288985279,0
ikohnemannk,4fVGJd,Irene,Kohnemann,ikohnemannk@iastate.edu,240628904,0
mbarreaul,xly1VxeRBW,Mona,Barreau,mbarreaul@iastate.edu,433573273,0
zquintonm,zvZi72,Zane,Quinton,zquintonm@iastate.edu,554664667,0
bblackbornen,SoCalUZQu,Babbie,Blackborne,bblackbornen@iastate.edu,773761011,0
gtreveso,xDVBS4MT6zv,Gaby,Treves,gtreveso@iastate.edu,316057514,0
relenp,QEILh1,Rudolf,Elen,relenp@iastate.edu,497146409,0
ffautleyq,4gGHaqrrqS,Franklin,Fautley,ffautleyq@iastate.edu,926797508,0
hkissickr,WC8eUqEWyf,Haskell,Kissick,hkissickr@iastate.edu,659363397,0
ejonathons,2DOEaNFuz,Ermanno,Jonathon,ejonathons@iastate.edu,560628381,0
mdomengett,LcaBhTO,Maurine,Domenget,mdomengett@iastate.edu,137439155,0
bquelchu,e4l1hQcjsBa3,Barby,Quelch,bquelchu@iastate.edu,311236899,0
kmearsv,5DHeGi,Kristel,Mears,kmearsv@iastate.edu,678876878,0
iloadw,gu25QAPaz,Idalia,Load,iloadw@iastate.edu,323794035,0
agierckx,Q0dodOp8ch,Anet,Gierck,agierckx@iastate.edu,966505580,0
rmourguey,DmOV5LjY,Rhetta,Mourgue,rmourguey@iastate.edu,149800765,0
apollittz,956ggt,Angelico,Pollitt,apollittz@iastate.edu,412020684,0
bfrandsen10,DaKkFYAybcp3,Brenden,Frandsen,bfrandsen10@iastate.edu,156277636,0
fstarford11,oo0JuQJzMVxU,Fredia,Starford,fstarford11@iastate.edu,339563328,0
rconkay12,U5olRwRE,Rusty,Conkay,rconkay12@iastate.edu,421973204,0
gjosefovic13,ovk27Yxwt5w,Guglielma,Josefovic,gjosefovic13@iastate.edu,166647627,0
icaiger14,zCUpPLy,Isiahi,Caiger,icaiger14@iastate.edu,747895143,0
mclynmans15,dVbJ6dgzc,Mitchel,Clynmans,mclynmans15@iastate.edu,136387173,0
cstrauss16,Am0K4Ef,Cortie,Strauss,cstrauss16@iastate.edu,447930709,0
cbrazear17,Igpsmk3P,Chelsae,Brazear,cbrazear17@iastate.edu,922485091,0
hwaylen18,yJRLEgxHD,Hedi,Waylen,hwaylen18@iastate.edu,373494931,0
dyerill19,QEHJCUe,Dallon,Yerill,dyerill19@iastate.edu,151769821,0
amccartney1a,rMyJRzxKzqGO,Alphonse,McCartney,amccartney1a@iastate.edu,811897855,0
mhuonic1b,3VNnLyXVV5V6,Maressa,Huonic,mhuonic1b@iastate.edu,289271400,0
nwheway1c,rzq4ht5,Noelani,Wheway,nwheway1c@iastate.edu,711464127,0
yameerbeg1d,AkLyTpMa5TJ,Yevette,Ameer-Beg,yameerbeg1d@iastate.edu,256168107,0
sstitch1e,FxbyUCkn,Shaylah,Stitch,sstitch1e@iastate.edu,774421541,0
egiovannacci1f,BOb1Q80,Eddie,Giovannacci,egiovannacci1f@iastate.edu,806190128,0
nfansy1g,SeZd0oL,Nelson,Fansy,nfansy1g@iastate.edu,219038992,0
istrowan1h,TY8tgJs5mt1j,Ivie,Strowan,istrowan1h@iastate.edu,149818748,0
bwinterbottom1i,uubQ9kaxbU,Biddy,Winterbottom,bwinterbottom1i@iastate.edu,679464300,0
wbrussels1j,04RBcPa,Westbrooke,Brussels,wbrussels1j@iastate.edu,765114874,0
skennedy1k,SOGhMGsjm,Sharleen,Kennedy,skennedy1k@iastate.edu,860450706,0
jhardie1l,trKTtfFKHb,Jorie,Hardie,jhardie1l@iastate.edu,162427156,0
gharrower1m,yxMYslhCII,Grant,Harrower,gharrower1m@iastate.edu,807604975,0
hjerrome1n,EoRh37zf,Hadley,Jerrome,hjerrome1n@iastate.edu,774003414,0
tdalgardno1o,1MFOeZgeTy,Tobin,Dalgardno,tdalgardno1o@iastate.edu,428623885,0
kmayor1p,Y7fOqvezJuj,Kristian,Mayor,kmayor1p@iastate.edu,816502050,0
pghion1q,VqYFwge2iwp,Phil,Ghion,pghion1q@iastate.edu,736743272,0
pleteve1r,UbTxEBq7gL,Pen,Le Teve,pleteve1r@iastate.edu,692839083,0
oliebmann1s,YEJDcesg7,Ondrea,Liebmann,oliebmann1s@iastate.edu,237977943,0
mdalessio1t,yZrZGiCKPl,Madelon,D'Alessio,mdalessio1t@iastate.edu,274183592,0
ahelleckas1u,NmM2TgDuEdD,Alvis,Helleckas,ahelleckas1u@iastate.edu,869208582,0
abassick1v,hOots9e,Angil,Bassick,abassick1v@iastate.edu,307816573,0
nshortall1w,vE3t3eJ,Neill,Shortall,nshortall1w@iastate.edu,344529928,0
pritchings1x,cUrp5TQxqY,Persis,Ritchings,pritchings1x@iastate.edu,886240594,0
ethorne1y,diF6pjC46nR,Evanne,Thorne,ethorne1y@iastate.edu,131927386,0
djakubovitch1z,uU46ktF,Darcie,Jakubovitch,djakubovitch1z@iastate.edu,531551917,0
hbartlam20,AuE3Z9,Halsey,Bartlam,hbartlam20@iastate.edu,672689722,0
lgardiner21,gVtJjAxUKGta,Louie,Gardiner,lgardiner21@iastate.edu,389864725,0
lfranks22,ey16yke,Lothario,Franks,lfranks22@iastate.edu,125062966,0
ariglar23,vsqO1YoLD,Alexandre,Riglar,ariglar23@iastate.edu,821756413,0
ddemange24,YbrtEY,Danya,Demange,ddemange24@iastate.edu,389179357,0
abanaszkiewicz25,AwDsw3U,Andrej,Banaszkiewicz,abanaszkiewicz25@iastate.edu,657105770,0
rkighly26,Aom7B6aQw8,Reyna,Kighly,rkighly26@iastate.edu,393687032,0
rnobbs27,KjiexrdJQ,Reilly,Nobbs,rnobbs27@iastate.edu,582720207,0
kbouskill28,dV04me730,Katalin,Bouskill,kbouskill28@iastate.edu,329583578,0
tjeanin29,t3WzcIdU0bg,Timmy,Jeanin,tjeanin29@iastate.edu,510123845,0
msayre2a,DEp5wu,Malinde,Sayre,msayre2a@iastate.edu,409742681,0
bhune2b,DQ9Jey,Barr,Hune,bhune2b@iastate.edu,671037993,0
mspada2c,0t2zmwGoSCn,Mark,Spada,mspada2c@iastate.edu,177176123,0
kcastiello2d,WQC6lll1,Kippie,Castiello,kcastiello2d@iastate.edu,760207169,0
jlowseley2e,UMOl7QV,Julia,Lowseley,jlowseley2e@iastate.edu,769149550,0
htowson2f,3uye8lgaI,Harbert,Towson,htowson2f@iastate.edu,261388831,0
vouldcott2g,DSUTY5evW,Valida,Ouldcott,vouldcott2g@iastate.edu,444704499,0
cparke2h,WlW1vcTs,Cheston,Parke,cparke2h@iastate.edu,941018403,0
dmeads2i,lGsJ1A,Dmitri,Meads,dmeads2i@iastate.edu,599641445,0
bbriddock2j,AD5mkmoG4zi,Brianne,Briddock,bbriddock2j@iastate.edu,399572808,0
rsoggee2k,tUZ5bfrvm,Roldan,Soggee,rsoggee2k@iastate.edu,446650992,0
gveeler2l,cAwyg7Rj,Gabriella,Veeler,gveeler2l@iastate.edu,747605525,0
nsnadden2m,TKSvEJ,Nichols,Snadden,nsnadden2m@iastate.edu,234531574,0
ktorfin2n,cfdRJO6gio,Kurtis,Torfin,ktorfin2n@iastate.edu,638046451,0
jglide2o,1Uk6ol8mn,Jarrod,Glide,jglide2o@iastate.edu,663050167,0
gweatherhogg2p,1emhhytHV9,Gianna,Weatherhogg,gweatherhogg2p@iastate.edu,332147410,0
wknappitt2q,GC2dGP0hrQ,Whit,Knappitt,wknappitt2q@iastate.edu,732076585,0
msiemandl2r,TUil5N,Margot,Siemandl,msiemandl2r@iastate.edu,235470917,0
tfilpi2s,DDGaZe6ZF7,Trevor,Filpi,tfilpi2s@iastate.edu,825467608,0
tinderwick2t,Bq0mvE,Tripp,Inderwick,tinderwick2t@iastate.edu,310111764,0
jbroadbear2u,63ZQ3husat,Jasmin,Broadbear,jbroadbear2u@iastate.edu,910678797,0
amatejic2v,wC0WJ1W,Ahmed,Matejic,amatejic2v@iastate.edu,392353420,0
msherborne2w,18YcfZ,Micheal,Sherborne,msherborne2w@iastate.edu,436789242,0
cmatteacci2x,T5vqgr9,Chloe,Matteacci,cmatteacci2x@iastate.edu,112520549,0
lowbridge2y,vFrWhC54Z,Lauren,Owbridge,lowbridge2y@iastate.edu,959578217,0
amaty2z,C9h2SQQ,Ann,Maty,amaty2z@iastate.edu,752892808,0
dnell30,TdJkRvjrEHVK,Delphine,Nell,dnell30@iastate.edu,967272665,0
anassy31,TYWpI1pHhlfA,Amalita,Nassy,anassy31@iastate.edu,963349854,0
eklagges32,XtAspI3,Ezmeralda,Klagges,eklagges32@iastate.edu,924532075,0
dmitro33,41zZ2W,Devora,Mitro,dmitro33@iastate.edu,227370271,0
dsauvan34,HyqBCTwIGPT,Dorothee,Sauvan,dsauvan34@iastate.edu,314169442,0
cjouannisson35,lbkDA4rxKIUK,Clemens,Jouannisson,cjouannisson35@iastate.edu,194622413,0
gswett36,vflK7T5BmlW,Giuditta,Swett,gswett36@iastate.edu,445722082,0
dgavaran37,c9yDXR,Debor,Gavaran,dgavaran37@iastate.edu,437376237,0
amcravey38,l6qPBNDrgQ,Alyson,McRavey,amcravey38@iastate.edu,495507706,0
sfuncheon39,oQyBftY1b,Samaria,Funcheon,sfuncheon39@iastate.edu,441282134,0
brenihan3a,2X890H,Brad,Renihan,brenihan3a@iastate.edu,342684120,0
jmckinless3b,X7gRc0Ae,Jammal,McKinless,jmckinless3b@iastate.edu,279989467,0
vbrumen3c,vNs0Su7q,Veradis,Brumen,vbrumen3c@iastate.edu,249653040,0
escothron3d,Cp6DWmq,Eustacia,Scothron,escothron3d@iastate.edu,616778543,0
maujean3e,7d7NnNwfovib,Michele,Aujean,maujean3e@iastate.edu,161482804,0
causton3f,obgt0x,Christophe,Auston,causton3f@iastate.edu,342746301,0
alancetter3g,LL8DDWY,Aurie,Lancetter,alancetter3g@iastate.edu,809383328,0
swenzel3h,DvcbAkK,Shaine,Wenzel,swenzel3h@iastate.edu,508376320,0
hstiddard3i,S2ivM6FVZsk,Hillary,Stiddard,hstiddard3i@iastate.edu,331867382,0
jhaddick3j,iKll63,Jody,Haddick,jhaddick3j@iastate.edu,653621734,0
crounding3k,ic7fQ8,Clair,Rounding,crounding3k@iastate.edu,464920924,0
dturville3l,iZmfaWvCVVOI,Daloris,Turville,dturville3l@iastate.edu,765208217,0
iarnaldy3m,V5xsG6D4IyN,Ira,Arnaldy,iarnaldy3m@iastate.edu,329776987,0
ecracoe3n,Jyl49OMt,Edwin,Cracoe,ecracoe3n@iastate.edu,214227305,0
rfranc3o,xHbdxUDdy,Randal,Franc,rfranc3o@iastate.edu,557170748,0
mronaghan3p,w6dsQXsqWhj,Minda,Ronaghan,mronaghan3p@iastate.edu,215508063,0
jmaine3q,yTIRPRN28yL,Jereme,Maine,jmaine3q@iastate.edu,946791049,0
fmcwhannel3r,yKKGa6JO,Fielding,McWhannel,fmcwhannel3r@iastate.edu,589230673,0
rflintiff3s,l3cZaN7,Roseline,Flintiff,rflintiff3s@iastate.edu,674510713,0
rgillon3t,0W25WrYDu,Rosene,Gillon,rgillon3t@iastate.edu,571058360,0
pking3u,TQnAHMW9JHJ5,Penny,King,pking3u@iastate.edu,920830071,0
bryam3v,r67ZPuTx0Bf,Brod,Ryam,bryam3v@iastate.edu,117870718,0
shalstead3w,rLUewRbRP2Rd,Sallyann,Halstead,shalstead3w@iastate.edu,229313464,0
hrowcastle3x,CYVwj191p3o,Honor,Rowcastle,hrowcastle3x@iastate.edu,982527725,0
kdurber3y,RP4vuD1M,Kellby,Durber,kdurber3y@iastate.edu,321740165,0
hlassell3z,RDZbT0tYQg,Heindrick,Lassell,hlassell3z@iastate.edu,716695119,0
jsambath40,2OscMKvZ6,Jacenta,Sambath,jsambath40@iastate.edu,480544953,0
hkinnier41,LspZBx5jzQFn,Hogan,Kinnier,hkinnier41@iastate.edu,142461524,0
kboggon42,9B4sBH4,Krissie,Boggon,kboggon42@iastate.edu,808015165,0
mtexton43,Xua2xFSw2u4,Morie,Texton,mtexton43@iastate.edu,256332979,0
apetherick44,SAJDVhaklhG8,Alford,Petherick,apetherick44@iastate.edu,375303105,0
privard45,SC9Lh8tD,Patrizius,Rivard,privard45@iastate.edu,193028879,0
lparadyce46,TmqqcoG,Lindsey,Paradyce,lparadyce46@iastate.edu,815101411,0
okenneway47,a4VFhFj7,Ollie,Kenneway,okenneway47@iastate.edu,879513999,0
mlindell48,qr9W6FEHhb,Marsha,Lindell,mlindell48@iastate.edu,157930326,0
vandresser49,rbBKMGM2,Vladamir,Andresser,vandresser49@iastate.edu,134392237,0
bpeddar4a,OBRvDlyL,Brien,Peddar,bpeddar4a@iastate.edu,143617582,0
rleech4b,d9c3QLPjk,Rebbecca,Leech,rleech4b@iastate.edu,253603933,0
askippon4c,pj3zFdyUXVpV,Alfy,Skippon,askippon4c@iastate.edu,535277964,0
galbany4d,uGiFrOrDCkx,Grete,Albany,galbany4d@iastate.edu,132778782,0
dalbasiny4e,jlnuSWDz,Durward,Albasiny,dalbasiny4e@iastate.edu,168130881,0
eotridge4f,R2YbMtZ,Elspeth,Otridge,eotridge4f@iastate.edu,872989746,0
emoncarr4g,mPX8zTn,Evin,Moncarr,emoncarr4g@iastate.edu,302118003,0
tcoonan4h,7kznKHEnDi,Torrence,Coonan,tcoonan4h@iastate.edu,690438959,0
jsmorthit4i,PfdbQfboC,Jammal,Smorthit,jsmorthit4i@iastate.edu,730887114,0
wfolbigg4j,Gg1GtfGP7,Wallache,Folbigg,wfolbigg4j@iastate.edu,667259156,0
ksherland4k,8aTHAvzsyKG,Korie,Sherland,ksherland4k@iastate.edu,327845805,0
gjedrzejewicz4l,J6ms4Mq,Gradey,Jedrzejewicz,gjedrzejewicz4l@iastate.edu,840444873,0
vsenussi4m,d4yxqc0,Veda,Senussi,vsenussi4m@iastate.edu,363319612,0
abarrott4n,NV3mKnVV,Alejoa,Barrott,abarrott4n@iastate.edu,220289410,0
ivangeffen4o,5oVGtJGx19,Inesita,Van Geffen,ivangeffen4o@iastate.edu,156225394,0
lpeplay4p,Iy9TojnmaT,Llewellyn,Peplay,lpeplay4p@iastate.edu,339965114,0
edovington4q,yHmFNQywr15a,Ellen,Dovington,edovington4q@iastate.edu,932193870,0
agilstoun4r,1BMuDlHnZkb,Arlina,Gilstoun,agilstoun4r@iastate.edu,226132729,0
asuddards4s,zZc88v0Ot,Amie,Suddards,asuddards4s@iastate.edu,876943413,0
uforkan4t,D8I8DzfVhgUh,Ulrick,Forkan,uforkan4t@iastate.edu,396703693,0
sbockin4u,pEuobZ,Shandee,Bockin,sbockin4u@iastate.edu,708758806,0
namdohr4v,QuSS4gE,Noel,Amdohr,namdohr4v@iastate.edu,475752221,0
smcgraw4w,tpmHMBr57,Sunshine,McGraw,smcgraw4w@iastate.edu,750762302,0
fwoodford4x,z4miV7,Fabe,Woodford,fwoodford4x@iastate.edu,432298310,0
mpiburn4y,8Ype8G,Manfred,Piburn,mpiburn4y@iastate.edu,393247914,0
emacgruer4z,jOEHwm0uiDq,Elmira,MacGruer,emacgruer4z@iastate.edu,974541672,0
mells50,Llb1MUVIwoDj,Melonie,Ells,mells50@iastate.edu,326672298,0
fcinavas51,xXX2KYD33G3,Fawn,Cinavas,fcinavas51@iastate.edu,153652743,0
cbartelli52,Tkzyrn79D,Carny,Bartelli,cbartelli52@iastate.edu,861689251,0
jparramore53,0iSEed,Juliet,Parramore,jparramore53@iastate.edu,571965148,0
lalliston54,7LKz7ZavlR,Leighton,Alliston,lalliston54@iastate.edu,160595090,0
cpetruska55,wi7z3S3dP,Clayson,Petruska,cpetruska55@iastate.edu,382429185,0
mclemintoni56,KQTvgoa,Melina,Clemintoni,mclemintoni56@iastate.edu,195978438,0
ckedge57,djLJAy4Zr,Colette,Kedge,ckedge57@iastate.edu,343736615,0
gkelinge58,ve9TXs6xbONy,Gregorius,Kelinge,gkelinge58@iastate.edu,954534229,0
cgibbings59,QzMMNyaiuF,Corbett,Gibbings,cgibbings59@iastate.edu,255526461,0
dphilippsohn5a,fdcJ4V5sWc,Dennie,Philippsohn,dphilippsohn5a@iastate.edu,441999928,0
adrover5b,IXGR96Q,Aile,Drover,adrover5b@iastate.edu,195861481,0
dangus5c,ACLVTLF,Dahlia,Angus,dangus5c@iastate.edu,818684578,0
ddraisey5d,y7nhNl,Danny,Draisey,ddraisey5d@iastate.edu,672948897,0
tfoard5e,955r68n,Tab,Foard,tfoard5e@iastate.edu,370395263,0
shawksby5f,2bYNuY,Sarene,Hawksby,shawksby5f@iastate.edu,767638269,0
rpass5g,F6T59R1,Ring,Pass,rpass5g@iastate.edu,144118961,0
rbickardike5h,yQ3ZGgK,Roseline,Bickardike,rbickardike5h@iastate.edu,403310158,0
jcraig5i,YJBVO9jtOMM,Justus,Craig,jcraig5i@iastate.edu,737859197,0
mnuton5j,NIKM8jnn3jNX,Meredeth,Nuton,mnuton5j@iastate.edu,587931348,0
froyston5k,qYlwplnOkZ,Franciskus,Royston,froyston5k@iastate.edu,747171395,0
lwelchman5l,dbpTrZiZ9x1,Laryssa,Welchman,lwelchman5l@iastate.edu,694072172,0
bcallard5m,WxyeXEOU6I,Bel,Callard,bcallard5m@iastate.edu,684711941,0
kmactavish5n,KUBEza,Kenny,MacTavish,kmactavish5n@iastate.edu,121667637,0
jaleavy5o,uyb0pFH9EkOS,Job,Aleavy,jaleavy5o@iastate.edu,420553591,0
jupham5p,KSPKq7,Joell,Upham,jupham5p@iastate.edu,909112941,0
hbaseggio5q,ixZR1z,Herbert,Baseggio,hbaseggio5q@iastate.edu,538036644,0
yvassel5r,XHAscY6f6,Yoko,Vassel,yvassel5r@iastate.edu,367337186,0
amaccolm5s,MPCZwlvcefVE,Akim,MacColm,amaccolm5s@iastate.edu,672792290,0
cfreezor5t,3kPAYUdg,Clyde,Freezor,cfreezor5t@iastate.edu,198197261,0
asharram5u,oI1lmje,Alicea,Sharram,asharram5u@iastate.edu,842247430,0
pbrookton5v,VqOTMoQ,Pren,Brookton,pbrookton5v@iastate.edu,380256733,0
pewan5w,phTx43An,Paolina,Ewan,pewan5w@iastate.edu,858802600,0
lstivers5x,4vrVkWnowaY,Lynea,Stivers,lstivers5x@iastate.edu,957433791,0
cmarconi5y,caT6t6w,Catarina,Marconi,cmarconi5y@iastate.edu,637585170,0
mmatyushenko5z,6ZkuK0o,Marj,Matyushenko,mmatyushenko5z@iastate.edu,608889870,0
dghirardi60,IYRey3qy,Dania,Ghirardi,dghirardi60@iastate.edu,646042661,0
arhucroft61,SzKJX2,Andrew,Rhucroft,arhucroft61@iastate.edu,722720802,0
nshillitto62,HwsLJ0axga,Nicole,Shillitto,nshillitto62@iastate.edu,333863478,0
avakhlov63,JV9L8j,Austin,Vakhlov,avakhlov63@iastate.edu,915675025,0
agheorghescu64,eoDKpjZtJyT,Addy,Gheorghescu,agheorghescu64@iastate.edu,995672460,0
mmedling65,Qi5f6fO7,Marlyn,Medling,mmedling65@iastate.edu,674166963,0
tprendeville66,Y42oGCCe,Travus,Prendeville,tprendeville66@iastate.edu,266760145,0
zspurling67,h5Ey9NlX,Zilvia,Spurling,zspurling67@iastate.edu,785116010,0
bkubek68,842ZDj4q,Bianca,Kubek,bkubek68@iastate.edu,575668601,0
cstraughan69,xUiLMnP,Cherilyn,Straughan,cstraughan69@iastate.edu,114675242,0
mmossbee6a,F4Rt8bIQXUo6,Matelda,Mossbee,mmossbee6a@iastate.edu,794204425,0
cfowle6b,J9yIT97jKE7,Cybill,Fowle,cfowle6b@iastate.edu,417970366,0
lsleith6c,9EZDkUV2,Leonore,Sleith,lsleith6c@iastate.edu,761533495,0
kjarmyn6d,rkrwWagcS,Katy,Jarmyn,kjarmyn6d@iastate.edu,910369228,0
vgorghetto6e,S6NHhuabBKZk,Vonni,Gorghetto,vgorghetto6e@iastate.edu,190723501,0
bickov6f,EYYMxHc1QjH,Brianna,Ickov,bickov6f@iastate.edu,924521706,0
achampain6g,sU3pw937Lu,Alfredo,Champain,achampain6g@iastate.edu,848401952,0
cskea6h,aXxQ9b,Charissa,Skea,cskea6h@iastate.edu,394787678,0
fdyzart6i,NUsnbCVQN1,Frankie,Dyzart,fdyzart6i@iastate.edu,772034758,0
cbareford6j,O3Ptel,Cristobal,Bareford,cbareford6j@iastate.edu,112192406,0
cbilverstone6k,23Xlhj3z,Corrie,Bilverstone,cbilverstone6k@iastate.edu,812863591,0
sdanes6l,o84LuRaZ1,Shayna,Danes,sdanes6l@iastate.edu,574564390,0
djaimez6m,1urwmjSGn,Dulsea,Jaimez,djaimez6m@iastate.edu,982843140,0
rpanting6n,cORnti5ArlaJ,Ryan,Panting,rpanting6n@iastate.edu,862748302,0
bmacbrearty6o,R6GDCazSgiJ,Binny,MacBrearty,bmacbrearty6o@iastate.edu,971260887,0
tblaxill6p,tX22e7zJ,Tess,Blaxill,tblaxill6p@iastate.edu,434328294,0
anorvell6q,GfW6f6c8Qaam,Annadiane,Norvell,anorvell6q@iastate.edu,233248898,0
lkosel6r,84n8uNtFejQ,Leela,Kosel,lkosel6r@iastate.edu,184440685,0
tganter6s,gHh2En6IVIQf,Terri,Ganter,tganter6s@iastate.edu,506178947,0
bdysert6t,q7TPpFqO,Bettine,Dysert,bdysert6t@iastate.edu,781654931,0
aickeringill6u,3inUDPaor,Annelise,Ickeringill,aickeringill6u@iastate.edu,387366681,0
adusting6v,vOeXUf4,Anette,Dusting,adusting6v@iastate.edu,982281019,0
opawsey6w,kR8TsS,Olivier,Pawsey,opawsey6w@iastate.edu,798359876,0
tdeath6x,kx3kdpj,Terrance,Death,tdeath6x@iastate.edu,790441863,0
efrick6y,2Z7exo7,Esra,Frick,efrick6y@iastate.edu,679112007,0
zkleinzweig6z,fDpK7u6iGI,Zebedee,Kleinzweig,zkleinzweig6z@iastate.edu,285051421,0
omeasom70,dfiO9jF0y,Olympe,Measom,omeasom70@iastate.edu,199606209,0
smcgunley71,LgWG6DPCY,Sybil,McGunley,smcgunley71@iastate.edu,562036743,0
mmetherell72,e3vyWV,Marten,Metherell,mmetherell72@iastate.edu,381179344,0
btarborn73,iKfIKsww,Bobby,Tarborn,btarborn73@iastate.edu,266626722,0
jbeininck74,F19HmBrDf,Joshua,Beininck,jbeininck74@iastate.edu,580504025,0
csmidmore75,ORFn3EQ7skA,Codee,Smidmore,csmidmore75@iastate.edu,701273089,0
egrigg76,WZNtaQr1le,Emmy,Grigg,egrigg76@iastate.edu,565000184,0
medinburough77,YkUpEwusBn6,Mikkel,Edinburough,medinburough77@iastate.edu,735815742,0
hyoodall78,OPjxl518wA,Hy,Yoodall,hyoodall78@iastate.edu,215585588,0
vmcvittie79,dbAcMtcuA,Vinnie,McVittie,vmcvittie79@iastate.edu,218471676,0
pbeumant7a,IJgB96669,Phelia,Beumant,pbeumant7a@iastate.edu,676043914,0
sstapford7b,d0k5yQw7,Sarah,Stapford,sstapford7b@iastate.edu,608286638,0
jwilloughby7c,MDx8HQ,Jessie,Willoughby,jwilloughby7c@iastate.edu,532122340,0
bgertz7d,cehWQ4R5jdOj,Barry,Gertz,bgertz7d@iastate.edu,483109362,0
ljowitt7e,lI6QPRW,Leonelle,Jowitt,ljowitt7e@iastate.edu,146219269,0
akurten7f,kqc4hbzt,Ariela,Kurten,akurten7f@iastate.edu,307726441,0
hgately7g,2zTtagmlmnb,Hedvig,Gately,hgately7g@iastate.edu,577768595,0
mreoch7h,NWHbMBeRBn2,Mackenzie,Reoch,mreoch7h@iastate.edu,412697539,0
bdevaar7i,LkGlcYFk,Bennett,De Vaar,bdevaar7i@iastate.edu,405604041,0
lgravells7j,xN2ukkWMY0,Lulita,Gravells,lgravells7j@iastate.edu,699606907,0
bsperring7k,srX16kIu,Brock,Sperring,bsperring7k@iastate.edu,285827345,0
edrohane7l,eOOR2KOhrY,Elspeth,Drohane,edrohane7l@iastate.edu,163517267,0
lwondraschek7m,u6gCv7PH,Lindsay,Wondraschek,lwondraschek7m@iastate.edu,223047583,0
iren7n,5vNvLEYz,Inesita,Ren,iren7n@iastate.edu,842374887,0
ojacquemard7o,9SH0sAhX2yi,Oates,Jacquemard,ojacquemard7o@iastate.edu,633744428,0
rteresse7p,b1DWB9,Rosalie,Teresse,rteresse7p@iastate.edu,926488486,0
bscrine7q,3J5FSVb2T,Bernhard,Scrine,bscrine7q@iastate.edu,904732763,0
etromans7r,sVVLxfbQJS,Eryn,Tromans,etromans7r@iastate.edu,983886197,0
ktonner7s,AkhrlXH1MATF,Kandy,Tonner,ktonner7s@iastate.edu,221647051,0
wwastie7t,HOCtzJ,Waverley,Wastie,wwastie7t@iastate.edu,969218525,0
hbantham7u,qCmiA0sgpSZ,Herschel,Bantham,hbantham7u@iastate.edu,766369560,0
hberetta7v,iErvlyVWKws,Hannis,Beretta,hberetta7v@iastate.edu,438707314,0
ssutty7w,bUFrwZprIX,Selma,Sutty,ssutty7w@iastate.edu,550211371,0
arichford7x,bKCBRYTLJl,Alvera,Richford,arichford7x@iastate.edu,276996378,0
mnoquet7y,sCrjDRqGU,Morna,Noquet,mnoquet7y@iastate.edu,431645901,0
osnowding7z,w3xLYa,Orin,Snowding,osnowding7z@iastate.edu,920934808,0
ddarley80,V3TfYyyHt3Cd,Dorthy,Darley,ddarley80@iastate.edu,950665551,0
kwadworth81,QFni2s1Oqpj,Ketti,Wadworth,kwadworth81@iastate.edu,990234857,0
afarre82,VPALC2,Alyse,Farre,afarre82@iastate.edu,546335151,0
mdaintry83,xRveTY,Morie,Daintry,mdaintry83@iastate.edu,137930281,0
jpridgeon84,dEOEJt8miS,Jayme,Pridgeon,jpridgeon84@iastate.edu,592261360,0
ekeave85,zOVWq4l0A,Ethelind,Keave,ekeave85@iastate.edu,566607755,0
apalfery86,W4c8el,Alyssa,Palfery,apalfery86@iastate.edu,954449681,0
dhauxby87,SVhI8BUboD,Davie,Hauxby,dhauxby87@iastate.edu,583468972,0
acannan88,6KeKy5mfcf,Allene,Cannan,acannan88@iastate.edu,608319834,0
bstrewther89,Dunjc9VQRQo,Bryn,Strewther,bstrewther89@iastate.edu,272361134,0
hmathen8a,SckSfjwIwHI,Hedda,Mathen,hmathen8a@iastate.edu,171298138,0
nattenbarrow8b,zylzhgShCRD,Nappie,Attenbarrow,nattenbarrow8b@iastate.edu,632201711,0
bdecruce8c,CooWksusq,Becka,De Cruce,bdecruce8c@iastate.edu,560635052,0
jmaskall8d,IYqBYU0ZA,Jedediah,Maskall,jmaskall8d@iastate.edu,679888187,0
gcouve8e,UplWtPK9aq6,Geri,Couve,gcouve8e@iastate.edu,723399600,0
acreane8f,4tGApIcjL,Algernon,Creane,acreane8f@iastate.edu,800529923,0
hhotson8g,cby57bShWZv,Hakeem,Hotson,hhotson8g@iastate.edu,550234683,0
gpittock8h,XUjONSgyG1z,Golda,Pittock,gpittock8h@iastate.edu,345892701,0
svassbender8i,R5SD7aCwj,Shanan,Vassbender,svassbender8i@iastate.edu,502270816,0
pevensden8j,LMiafBuAQ,Pearline,Evensden,pevensden8j@iastate.edu,682815690,0
ljessett8k,MK6WWqqOc,Lanni,Jessett,ljessett8k@iastate.edu,154306749,0
letchingham8l,hx9Purvb2orG,Lizzy,Etchingham,letchingham8l@iastate.edu,172261437,0
iblay8m,UGRUOeQt0,Iver,Blay,iblay8m@iastate.edu,757335585,0
cogilby8n,Y0zxy5TVJ,Chiquia,Ogilby,cogilby8n@iastate.edu,423416492,0
lcockney8o,VkJ8iT0m2,Lexine,Cockney,lcockney8o@iastate.edu,530434596,0
cwhettleton8p,bh0jCJRYHPG,Chic,Whettleton,cwhettleton8p@iastate.edu,467483786,0
fweavers8q,HHDI2GT,Flynn,Weavers,fweavers8q@iastate.edu,469533259,0
msouley8r,bxhEsg4vD9e,Minni,Souley,msouley8r@iastate.edu,725648302,0
elearned8s,fH8st9Gu5,Ema,Learned,elearned8s@iastate.edu,164503704,0
nshakespeare8t,pQu6IpGg,Napoleon,Shakespeare,nshakespeare8t@iastate.edu,842907057,0
cingleson8u,3j5YbioiQG2,Chandler,Ingleson,cingleson8u@iastate.edu,899845208,0
tgummoe8v,C5MQZF,Thurstan,Gummoe,tgummoe8v@iastate.edu,659639735,0
kcollingridge8w,SkHwtc,Kim,Collingridge,kcollingridge8w@iastate.edu,941482674,0
hportriss8x,K0yu16CGvq7Z,Hyacintha,Portriss,hportriss8x@iastate.edu,959439375,0
esimkovich8y,WPPIu6kCy,Estelle,Simkovich,esimkovich8y@iastate.edu,560424211,0
fmattek8z,2iSWaUkj,Fairlie,Mattek,fmattek8z@iastate.edu,477844565,0
sboken90,QgYMp80my1jD,Scott,Boken,sboken90@iastate.edu,842554280,0
cdaughton91,IlEbAGK,Cammy,Daughton,cdaughton91@iastate.edu,158649384,0
alongmuir92,bxr49vPCyr,Alvy,Longmuir,alongmuir92@iastate.edu,597851585,0
alezemore93,ceJjtwn,Alexia,Lezemore,alezemore93@iastate.edu,656580677,0
lroscamps94,PuPbUBWTHJD,Liva,Roscamps,lroscamps94@iastate.edu,531297285,0
dkunes95,mBhtQxG,Doti,Kunes,dkunes95@iastate.edu,159951045,0
scorder96,2jMvqII,Sharon,Corder,scorder96@iastate.edu,398386507,0
bandreopolos97,s1eoU3NYM,Bernardine,Andreopolos,bandreopolos97@iastate.edu,462775292,0
rtunniclisse98,3lABikVlW,Rona,Tunniclisse,rtunniclisse98@iastate.edu,152238597,0
njerdan99,qb5zXraJd,Nelie,Jerdan,njerdan99@iastate.edu,791515597,0
gfraczak9a,VUUR62S,Gardener,Fraczak,gfraczak9a@iastate.edu,452324740,0
tgrubey9b,dKAQyBn,Tyrone,Grubey,tgrubey9b@iastate.edu,624819657,0
lkingstne9c,5nGDsy63eS,Linn,Kingstne,lkingstne9c@iastate.edu,426598535,0
cdudden9d,zS1MZlKmLPSA,Clayborn,Dudden,cdudden9d@iastate.edu,754418233,0
gcaunt9e,shLn4vq8Dq,Guillema,Caunt,gcaunt9e@iastate.edu,951857176,0
trenforth9f,w60XlOrD,Tremain,Renforth,trenforth9f@iastate.edu,602100655,0
mthayre9g,nJk012sn,Marcellina,Thayre,mthayre9g@iastate.edu,310158810,0
emouat9h,tS9Kjgrq,Elfrieda,Mouat,emouat9h@iastate.edu,334752273,0
cjeanel9i,bYfSmE,Chancey,Jeanel,cjeanel9i@iastate.edu,825216964,0
rlurriman9j,7Lsf7ET0,Rosalinde,Lurriman,rlurriman9j@iastate.edu,211094011,0
fkendell9k,EN5aZnX,Federico,Kendell,fkendell9k@iastate.edu,800017052,0
ycrain9l,CYwsszo,Yorgo,Crain,ycrain9l@iastate.edu,876641294,0
lvanyard9m,kvhed3RNY,Lindsay,Vanyard,lvanyard9m@iastate.edu,565330158,0
mscare9n,fprI5HkgLN,Mayer,Scare,mscare9n@iastate.edu,758405182,0
mreiner9o,OTIiTSKIiPD,Marlyn,Reiner,mreiner9o@iastate.edu,562855621,0
asimister9p,1eaMIsPV,Albertine,Simister,asimister9p@iastate.edu,502298240,0
agrenshields9q,ZGi6gmZhgL52,Aaron,Grenshields,agrenshields9q@iastate.edu,635583286,0
mmcgreary9r,Cl96FB0WG,Mahmud,McGreary,mmcgreary9r@iastate.edu,646615758,0
nskeldon9s,5EirdXUS,Norma,Skeldon,nskeldon9s@iastate.edu,626030277,0
pgritskov9t,hArmskMrA47D,Pavlov,Gritskov,pgritskov9t@iastate.edu,460099164,0
tjimeno9u,TL0wQLVKU,Terence,Jimeno,tjimeno9u@iastate.edu,572460856,0
achyuerton9v,KugKoUoq3K,Anthiathia,Chyuerton,achyuerton9v@iastate.edu,904158921,0
sfinney9w,MmvfY8SI0,Scarlet,Finney,sfinney9w@iastate.edu,707156868,0
bmaylam9x,ZDQptWEajy,Berkly,Maylam,bmaylam9x@iastate.edu,589039779,0
duebel9y,A2l3mXJDqq6,Don,Uebel,duebel9y@iastate.edu,212416007,0
sreedman9z,e1bxGUF7,Susette,Reedman,sreedman9z@iastate.edu,883627670,0
neppersona0,Z2g0KfUQ3fzU,Nilson,Epperson,neppersona0@iastate.edu,516918812,0
apahlera1,PhZGKPao8RN0,Annemarie,Pahler,apahlera1@iastate.edu,484509134,0
awoodhamsa2,KbXX0o1Y5,Adelice,Woodhams,awoodhamsa2@iastate.edu,985864095,0
pgradlya3,2luCzf,Patrizio,Gradly,pgradlya3@iastate.edu,682405599,0
pwiddupa4,WxhS0bYt,Perry,Widdup,pwiddupa4@iastate.edu,496310058,0
bkennforda5,E6G6wbUT,Brittni,Kennford,bkennforda5@iastate.edu,399217087,0
gsloyana6,kp8z6tMDHL8B,Georg,Sloyan,gsloyana6@iastate.edu,352500852,0
hjachtyma7,SnQj4yhAD,Hyacinthe,Jachtym,hjachtyma7@iastate.edu,937572422,0
ttrubshawa8,Lxxjoc73d,Tony,Trubshaw,ttrubshawa8@iastate.edu,270097047,0
tjoskaa9,JXvyr36KV,Tobie,Joska,tjoskaa9@iastate.edu,317913696,0
jrumminsaa,FOa0No6UxJD,Jean,Rummins,jrumminsaa@iastate.edu,768897171,0
mlansberryab,VNhHJ5,Maybelle,Lansberry,mlansberryab@iastate.edu,579873341,0
lellesmereac,aUSZLc,Laurie,Ellesmere,lellesmereac@iastate.edu,931153359,0
chunterad,x2FyFgT,Carney,Hunter,chunterad@iastate.edu,940439633,0
amandellae,C5CWRvcxZ,Allyn,Mandell,amandellae@iastate.edu,683554359,0
cfurzeraf,rP9d599AOVMf,Carma,Furzer,cfurzeraf@iastate.edu,319041562,0
vgeorghiouag,MHOi27WDr,Vilma,Georghiou,vgeorghiouag@iastate.edu,545734679,0
lkellickah,qvoyUhUzs,Leela,Kellick,lkellickah@iastate.edu,325916722,0
fcoppensai,rTUJIo6edgG,Ferdinand,Coppens,fcoppensai@iastate.edu,971913154,0
kbaudreyaj,QUcFgOS9,Karisa,Baudrey,kbaudreyaj@iastate.edu,479112798,0
astocksak,pGx9w3RZ,Antonie,Stocks,astocksak@iastate.edu,790358474,0
rratcliffal,kTY9iVa3oy4,Rosa,Ratcliff,rratcliffal@iastate.edu,189765817,0
smounteram,PF2PDCUVUsPu,Sandor,Mounter,smounteram@iastate.edu,837031539,0
jplumeran,J1TgLuf9bNZ,Jaine,Plumer,jplumeran@iastate.edu,413192772,0
fhekao,Lr7PuUu9GUW8,Fredi,Hek,fhekao@iastate.edu,255622933,0
kmeneoap,4l7tEOOz,Kathryn,Meneo,kmeneoap@iastate.edu,835704324,0
bheffordaq,CwDt0xAMOXk,Bibby,Hefford,bheffordaq@iastate.edu,870473782,0
kcelloar,Nv2fpP,Keslie,Cello,kcelloar@iastate.edu,303537003,0
wdaltonas,8KLYQRKL,Willabella,Dalton,wdaltonas@iastate.edu,440130652,0
cfeastat,q8Vl6Cj56,Cassaundra,Feast,cfeastat@iastate.edu,364544637,0
jbraxtonau,GDc2jC,Janessa,Braxton,jbraxtonau@iastate.edu,880893752,0
aneilanav,i52Ux3,Adriane,Neilan,aneilanav@iastate.edu,108449291,0
dmyhillaw,QiqlNqWDG,Darcie,Myhill,dmyhillaw@iastate.edu,798109063,0
cplacidoax,BPE4Sr90T,Chad,Placido,cplacidoax@iastate.edu,719020221,0
cshenfischay,YozYlS1W7,Carla,Shenfisch,cshenfischay@iastate.edu,776340501,0
ipettendrichaz,TmOq6ftuA,Indira,Pettendrich,ipettendrichaz@iastate.edu,575521053,0
kwhalb0,sxzqXn6mtnr,Kirk,Whal,kwhalb0@iastate.edu,226402193,0
acornellb1,QCNPTf,Astrid,Cornell,acornellb1@iastate.edu,212148602,0
wdunstoneb2,VimVTPv,Wrennie,Dunstone,wdunstoneb2@iastate.edu,354736191,0
kkewzickb3,gUKnaUam5y,Kerr,Kewzick,kkewzickb3@iastate.edu,422878091,0
oalabastarb4,HZSw1fJvQ,Osmund,Alabastar,oalabastarb4@iastate.edu,794582750,0
mtrebyb5,Ri3vUSdp56,Maddy,Treby,mtrebyb5@iastate.edu,156558118,0
qtubridyb6,FQhg9d,Queenie,Tubridy,qtubridyb6@iastate.edu,950250202,0
dleithgoeb7,xzIyfTS,Donaugh,Leithgoe,dleithgoeb7@iastate.edu,688423891,0
lfullagerb8,z4y4xKe7Gge,Lazar,Fullager,lfullagerb8@iastate.edu,317019296,0
bferraob9,AbQYMgSkVLTe,Britte,Ferrao,bferraob9@iastate.edu,924334285,0
jalyutinba,UZSvxaOahdr0,Jeremy,Alyutin,jalyutinba@iastate.edu,982969730,0
mbeamishbb,uQpgNX5NGsx,Merry,Beamish,mbeamishbb@iastate.edu,706676459,0
dmatiewebc,t9voLRE5GC,Drusilla,Matiewe,dmatiewebc@iastate.edu,537499351,0
alenchenkobd,BwSo9oFPO,Aura,Lenchenko,alenchenkobd@iastate.edu,866300498,0
ksherbornbe,fQ6QptPlG,Kelvin,Sherborn,ksherbornbe@iastate.edu,332264229,0
dthorsenbf,bdhvshE,Dallon,Thorsen,dthorsenbf@iastate.edu,662786265,0
mmcbethbg,xBCSJud1,Michaeline,McBeth,mmcbethbg@iastate.edu,422997703,0
gbrookingbh,alw0NQtw,Gene,Brooking,gbrookingbh@iastate.edu,630255699,0
tmcmorranbi,6ZYAHr4yF9zi,Trstram,McMorran,tmcmorranbi@iastate.edu,219296579,0
sgavinibj,Qz6hTq4W,Shaylah,Gavini,sgavinibj@iastate.edu,452687587,0
fbrimblecombbk,vsA8ghPLCCf,Franky,Brimblecomb,fbrimblecombbk@iastate.edu,323824203,0
glippettbl,yOBKwvLJLNM,Glory,Lippett,glippettbl@iastate.edu,721340372,0
dcadanybm,yH5N4VEVl,Dolph,Cadany,dcadanybm@iastate.edu,857515561,0
apettegreebn,7xrLje,Aileen,Pettegree,apettegreebn@iastate.edu,239393975,0
dstockleybo,3MmOuoku1WY,Daffie,Stockley,dstockleybo@iastate.edu,757826838,0
gmilingtonbp,n7qMyW2DJ,Glen,Milington,gmilingtonbp@iastate.edu,625372301,0
zgilbeartbq,few8zFx0q9I,Zack,Gilbeart,zgilbeartbq@iastate.edu,197841941,0
bsnowlingbr,AZITrl,Brena,Snowling,bsnowlingbr@iastate.edu,465501937,0
iyurinovbs,at3Brh,Ianthe,Yurinov,iyurinovbs@iastate.edu,270395931,0
eainsleybt,ymDDLGCw,Elnora,Ainsley,eainsleybt@iastate.edu,854097924,0
gmactrustambu,fkuIATafN6J,Guenevere,MacTrustam,gmactrustambu@iastate.edu,259040810,0
kjestybv,LfCK7Dt2xMpM,Katine,Jesty,kjestybv@iastate.edu,738897386,0
lchongbw,jJUvV0NxTS,Lucretia,Chong,lchongbw@iastate.edu,975436717,0
wbucknellbx,njzoRiGOOux,Waring,Bucknell,wbucknellbx@iastate.edu,378748329,0
ngumlyby,v9wdJQT,Nollie,Gumly,ngumlyby@iastate.edu,697536476,0
cbiddwellbz,Wg0bjc0,Catie,Biddwell,cbiddwellbz@iastate.edu,948634602,0
cslynec0,5rZHWaQwUjSC,Cynde,Slyne,cslynec0@iastate.edu,696274908,0
ebonehillc1,CHGt99,Emlynn,Bonehill,ebonehillc1@iastate.edu,204136958,0
cwhitticksc2,4eDf4sg,Consuelo,Whitticks,cwhitticksc2@iastate.edu,770247996,0
jbirrellc3,Yt02mR7zVK3,Jase,Birrell,jbirrellc3@iastate.edu,486157160,0
caggec4,jizitmpr,Crichton,Agge,caggec4@iastate.edu,608300218,0
aceriec5,Fo9Qal,Augie,Cerie,aceriec5@iastate.edu,563444493,0
rweatherillc6,KZnyr5,Roxane,Weatherill,rweatherillc6@iastate.edu,893586283,0
hmaccullochc7,8DLdDLz4r6FZ,Haven,MacCulloch,hmaccullochc7@iastate.edu,860664317,0
jmaysorc8,vmS3xiyKVo,Jakob,Maysor,jmaysorc8@iastate.edu,478549826,0
awainmanc9,HmPhc7wGDL1,Angelia,Wainman,awainmanc9@iastate.edu,439275443,0
aenriquezca,LiPFMl,Ariana,Enriquez,aenriquezca@iastate.edu,311967237,0
hmorancb,ggzWUDLmY2Q0,Halsy,Moran,hmorancb@iastate.edu,333328922,0
tleggattcc,dPxbt6tNCbvf,Tandy,Leggatt,tleggattcc@iastate.edu,309407606,0
tewancd,V7FURetLZg78,Terri-jo,Ewan,tewancd@iastate.edu,317859337,0
ylaviellece,2iqzVHlsYkm,Yorgo,Lavielle,ylaviellece@iastate.edu,498289112,0
rsharphousecf,NIITCsV,Rorie,Sharphouse,rsharphousecf@iastate.edu,398589195,0
ysomersetcg,V4goTE0ZZ,Yancey,Somerset,ysomersetcg@iastate.edu,418557427,0
edonnch,FRTFLZY9wSw,Elvera,Donn,edonnch@iastate.edu,569473392,0
tchessellci,hFOfLgmEWJb,Timmie,Chessell,tchessellci@iastate.edu,360867577,0
alettycj,840Ewr,Arin,Letty,alettycj@iastate.edu,626948931,0
gdavidyck,jvsK6B5fuCs,Gail,Davidy,gdavidyck@iastate.edu,668877323,0
lodownecl,8Y1P63Kq,Liuka,O'Downe,lodownecl@iastate.edu,791579966,0
tsharrardcm,olufvyLEQs,Tiphany,Sharrard,tsharrardcm@iastate.edu,638186766,0
evamplerscn,k9nuNBkvkw,Estrella,Vamplers,evamplerscn@iastate.edu,901737020,0
sfennaco,k01gRKUNQl,Scot,Fenna,sfennaco@iastate.edu,129760108,0
ddorycp,YZROZQdz16p,Delores,Dory,ddorycp@iastate.edu,930430780,0
bshellibeercq,uGckFh3B,Bianka,Shellibeer,bshellibeercq@iastate.edu,617762469,0
sbarkescr,rrqIXxkm,Selle,Barkes,sbarkescr@iastate.edu,250198410,0
shaquardcs,DJ717h,Symon,Haquard,shaquardcs@iastate.edu,974728724,0
gfarrearsct,kYgtnG,Giff,Farrears,gfarrearsct@iastate.edu,895266511,0
bmcclochcu,mGB5Tv7,Bern,McCloch,bmcclochcu@iastate.edu,749846985,0
ccallowaycv,PoUr7gUhlQz,Corbin,Calloway,ccallowaycv@iastate.edu,497607727,0
fmcelhinneycw,TKSd0F,Fletch,McElhinney,fmcelhinneycw@iastate.edu,675747625,0
nboultcx,7mpdacCnzx,Nevile,Boult,nboultcx@iastate.edu,645246345,0
iaprahamiancy,StQ61mmLn,Immanuel,Aprahamian,iaprahamiancy@iastate.edu,517688592,0
nsoutencz,rUyIdN,Nonie,Souten,nsoutencz@iastate.edu,969865580,0
bladond0,uPqAmmt,Basil,Ladon,bladond0@iastate.edu,334065132,0
lnewportd1,QHkcjr,Lukas,Newport,lnewportd1@iastate.edu,791801645,0
mpaternod2,dqIF7Cs,Mercy,Paterno,mpaternod2@iastate.edu,528436229,0
toffilerd3,QRFZmZDPxom,Thorndike,Offiler,toffilerd3@iastate.edu,322847419,0
acaretted4,ZOE4Zk1YYV,Annadiane,Carette,acaretted4@iastate.edu,779196244,0
dshubothamd5,OfJnyyMpUkJu,Daloris,Shubotham,dshubothamd5@iastate.edu,949790510,0
dreinbachd6,1x97MDG,Dur,Reinbach,dreinbachd6@iastate.edu,446816926,0
rbyrcherd7,ISCFX0,Rosco,Byrcher,rbyrcherd7@iastate.edu,442612233,0
dlissimored8,86uqDR,Dora,Lissimore,dlissimored8@iastate.edu,193305336,0
lanwelld9,Jb0eOJzNGIt,Lacie,Anwell,lanwelld9@iastate.edu,717323143,0
dblasiusda,6x3ZuP,Deane,Blasius,dblasiusda@iastate.edu,619401483,0
dgreberdb,6AXUxQLpwzWS,Donny,Greber,dgreberdb@iastate.edu,551459873,0
mrakedc,HK7Vqzh1v,Mae,Rake,mrakedc@iastate.edu,318684505,0
sbowsteaddd,FTlgUEiHZeU,Saidee,Bowstead,sbowsteaddd@iastate.edu,186424280,0
jhedmande,JYTmj0A6LDR,Johannah,Hedman,jhedmande@iastate.edu,291592435,0
tbaptistedf,pZFvvT,Tilly,Baptiste,tbaptistedf@iastate.edu,917828981,0
dtschierschdg,hCivlc5,Durant,Tschiersch,dtschierschdg@iastate.edu,275330634,0
sjarrettdh,BizQBG0fzN,Sam,Jarrett,sjarrettdh@iastate.edu,230329984,0
cwycherleydi,cbzpbt0uOV8,Cinderella,Wycherley,cwycherleydi@iastate.edu,344376712,0
kdumphreysdj,v2F5vzR1o,Karlan,Dumphreys,kdumphreysdj@iastate.edu,163788833,0
uhearnshawdk,g8eI4dP2t6v,Ulrika,Hearnshaw,uhearnshawdk@iastate.edu,147159549,0
kdorkinsdl,25704g,Kira,Dorkins,kdorkinsdl@iastate.edu,754088526,0
kdolbydm,Ef1wTk58U,Kerk,Dolby,kdolbydm@iastate.edu,570408072,0
cparlettdn,SpjzkVJ8HSZ,Carlyle,Parlett,cparlettdn@iastate.edu,829569810,0
amooreeddo,1kzjz9,Antonie,Mooreed,amooreeddo@iastate.edu,151165003,0
wbraggedp,dsdjRL3Ek9Vz,Wayne,Bragge,wbraggedp@iastate.edu,908021346,0
rkiddsdq,7z7JNbgtj1GB,Rutger,Kidds,rkiddsdq@iastate.edu,151481799,0
mhatliffdr,GcOQSG3,Maria,Hatliff,mhatliffdr@iastate.edu,433441237,0
fmcgingds,JBzKuBHJO,Filide,McGing,fmcgingds@iastate.edu,470573154,0
chucklesbydt,uYFFFF,Claudius,Hucklesby,chucklesbydt@iastate.edu,263328588,0
jpresserdu,u2EyFkrs4p,Jerrylee,Presser,jpresserdu@iastate.edu,300698759,0
adrummerdv,fV4N47vnt5V,Asia,Drummer,adrummerdv@iastate.edu,420778176,0
jbunyarddw,cMC5Jx6,Judie,Bunyard,jbunyarddw@iastate.edu,379512322,0
cchampdx,hEk9ArPZ,Chic,Champ,cchampdx@iastate.edu,701730092,0
asaywooddy,aBCyhqZOf6E,Archibaldo,Saywood,asaywooddy@iastate.edu,852877602,0
lladbrookdz,tpdPpzroEmJ,Lillis,Ladbrook,lladbrookdz@iastate.edu,692095243,0
agirkee0,2W9JcKjXv3A,Ahmed,Girke,agirkee0@iastate.edu,388452799,0
bsteadee1,DSigWV26,Barret,Steade,bsteadee1@iastate.edu,224134664,0
opetracchie2,q7Rd29TVs,Olympia,Petracchi,opetracchie2@iastate.edu,928605681,0
ibaldene3,eCjaoNB,Imogene,Balden,ibaldene3@iastate.edu,338264064,0
groggemane4,WQUHM4,Glenn,Roggeman,groggemane4@iastate.edu,191998461,0
csonese5,5uZZNEdCZpcj,Cassaundra,Sones,csonese5@iastate.edu,607838393,0
cdrachee6,U3o5AL7apsV2,Cindie,Drache,cdrachee6@iastate.edu,158243677,0
aocullene7,HAovma,Amargo,O'Cullen,aocullene7@iastate.edu,171664516,0
rdigginsone8,0w5zPasqDXGT,Rosemonde,Digginson,rdigginsone8@iastate.edu,234740486,0
sbembricke9,LE5JaV4,Solomon,Bembrick,sbembricke9@iastate.edu,522854855,0
gfarncombea,sjCwF8Y9S,Gratia,Farncomb,gfarncombea@iastate.edu,542191965,0
jvaseyeb,1mX4Ygi7,Joaquin,Vasey,jvaseyeb@iastate.edu,108585370,0
mfennaec,Uku2cmIJRp,Marita,Fenna,mfennaec@iastate.edu,774756118,0
cbordmaned,RizVTd65Wj,Cheri,Bordman,cbordmaned@iastate.edu,959235379,0
akybbyeee,F1HtoS8Zt,Annabelle,Kybbye,akybbyeee@iastate.edu,618846718,0
gsouthwoodef,kkT6OWYbYQ,Gina,Southwood,gsouthwoodef@iastate.edu,970265071,0
msearsoneg,ChRbPK,Mireielle,Searson,msearsoneg@iastate.edu,959187707,0
hcarduseh,sMHjS3pEg,Heddi,Cardus,hcarduseh@iastate.edu,240717105,0
fgammettei,cxqxjd,Francis,Gammett,fgammettei@iastate.edu,313848734,0
rgraithej,9I0sDCG,Rachael,Graith,rgraithej@iastate.edu,711449201,0
aglasbyek,LM6NeBgyCkr0,Anica,Glasby,aglasbyek@iastate.edu,777438938,0
aruppel,AufAQeqEh,Adrianne,Rupp,aruppel@iastate.edu,641899788,0
dmoteem,sqCRbw5,Dell,Mote,dmoteem@iastate.edu,666260134,0
cfliggen,YS1Bx5lC8hq,Casey,Fligg,cfliggen@iastate.edu,192430860,0
lthaimeo,RjDvCjiL,Lawry,Thaim,lthaimeo@iastate.edu,321579443,0
rraddanep,hv3gEM9YPwEx,Rycca,Raddan,rraddanep@iastate.edu,855431425,0
gdallendereq,RETlWQyXlRf,Gardner,Dallender,gdallendereq@iastate.edu,891150266,0
mdungeeer,yhvxiX4C,Morgen,Dungee,mdungeeer@iastate.edu,717955590,0
emaccarliches,TUlA482,Elka,MacCarlich,emaccarliches@iastate.edu,706988696,0
dculyet,9HEZ5PArBZ,Desmund,Culy,dculyet@iastate.edu,326424432,0
rvoddeneu,zd1MTdkfu,Ruben,Vodden,rvoddeneu@iastate.edu,679732510,0
cwhartonbyev,5kRHO5w,Cindie,Whartonby,cwhartonbyev@iastate.edu,550205163,0
tmilbornew,5mx0LXbXOBT,Tarrah,Milborn,tmilbornew@iastate.edu,612886744,0
hmanisex,rsPoyDuHIl8w,Helaine,Manis,hmanisex@iastate.edu,184800623,0
lflaxoney,984TWhYV2Frr,Lucinda,Flaxon,lflaxoney@iastate.edu,907536583,0
droperez,MKNtJbPO4,Daile,Roper,droperez@iastate.edu,863288556,0
bkidneyf0,YjbxxD,Bonny,Kidney,bkidneyf0@iastate.edu,777526045,0
bcuckoof1,C3LHI2egB,Benson,Cuckoo,bcuckoof1@iastate.edu,233405697,0
hmindenhallf2,SGbjlb6,Hetti,Mindenhall,hmindenhallf2@iastate.edu,800358067,0
adressef3,h73w0Hl2E,Anna-maria,Dresse,adressef3@iastate.edu,817366899,0
gmynottf4,IYFLFkL0OxN,Granger,Mynott,gmynottf4@iastate.edu,144336995,0
bmcpolinf5,1NgUvt,Borg,McPolin,bmcpolinf5@iastate.edu,200566556,0
wkynastonef6,hNOu7R,Winona,Kynastone,wkynastonef6@iastate.edu,485280159,0
pcarrickf7,J0iuyHGLs,Priscella,Carrick,pcarrickf7@iastate.edu,755338920,0
juvedalef8,69BHDJWx4GNa,Jdavie,Uvedale,juvedalef8@iastate.edu,112460275,0
rattyf9,2F3AJZiaExT0,Riannon,Atty,rattyf9@iastate.edu,779845656,0
tarnaultfa,rc7R4ijoI,Thea,Arnault,tarnaultfa@iastate.edu,105552552,0
ecazereaufb,5xfzUyy1ppJ,Ellswerth,Cazereau,ecazereaufb@iastate.edu,321204244,0
hsowthcotefc,dBw8PD5,Hiram,Sowthcote,hsowthcotefc@iastate.edu,716878335,0
mmarkiefd,Oox19wAdKW,Meggy,Markie,mmarkiefd@iastate.edu,175813946,0
atribellfe,ZPdczG5SyF,Alister,Tribell,atribellfe@iastate.edu,132112532,0
aguernerff,tXqaUVl78,Allin,Guerner,aguernerff@iastate.edu,262756939,0
jsoldnerfg,i8KMBlKU6,Josie,Soldner,jsoldnerfg@iastate.edu,367798027,0
dgoodburfh,DgcyV7AI6Z,Dominick,Goodbur,dgoodburfh@iastate.edu,743897768,0
dportingalefi,ov4JKo,Daron,Portingale,dportingalefi@iastate.edu,367518176,0
aguilletonfj,dlP2BwjQqoHb,Aridatha,Guilleton,aguilletonfj@iastate.edu,267477955,0
mmarriotfk,0LcPyXx0,Myca,Marriot,mmarriotfk@iastate.edu,759967213,0
fburghfl,qYaNC5d72F,Fayre,Burgh,fburghfl@iastate.edu,777712212,0
athunnercliffefm,KgRdaW,Annadiane,Thunnercliffe,athunnercliffefm@iastate.edu,999215503,0
tdewberryfn,gSNFtli,Tallulah,Dewberry,tdewberryfn@iastate.edu,879146839,0
mdanilchevfo,2aPGDivIRC3,Mable,Danilchev,mdanilchevfo@iastate.edu,449471160,0
fmacnamarafp,qacPvN,Frannie,MacNamara,fmacnamarafp@iastate.edu,219484507,0
cizacenkofq,mYXGrd7BFU35,Cody,Izacenko,cizacenkofq@iastate.edu,828530195,0
emishawfr,cNsTryz9w1gd,Esme,Mishaw,emishawfr@iastate.edu,718872559,0
ksprasenfs,13f9p4AzpKYH,Kalie,Sprasen,ksprasenfs@iastate.edu,256908565,0
bhaycockft,eloXlIXmOd,Bink,Haycock,bhaycockft@iastate.edu,244153321,0
mbearcockfu,lmHNsKSP2DI,Mariam,Bearcock,mbearcockfu@iastate.edu,968578946,0
hwiddicombefv,IJG5NBQ,Hugibert,Widdicombe,hwiddicombefv@iastate.edu,551536562,0
graynorfw,9WmXZmUuMNj,Gaile,Raynor,graynorfw@iastate.edu,913217002,0
rdilaweyfx,8u08iX3d,Rorie,Dilawey,rdilaweyfx@iastate.edu,816926557,0
fskallyfy,NFQpW8zHZu08,Farand,Skally,fskallyfy@iastate.edu,810843151,0
shirsthousefz,kcvOx7T,Selina,Hirsthouse,shirsthousefz@iastate.edu,704378853,0
lsiveterg0,uIkfdnOepD7,Lorelei,Siveter,lsiveterg0@iastate.edu,781721606,0
tswadong1,E3VmkthmnEHB,Tonie,Swadon,tswadong1@iastate.edu,225877253,0
eperetg2,KutLseMcLPc,Eba,Peret,eperetg2@iastate.edu,980492163,0
nscorahg3,clYC5yRkqT,Nyssa,Scorah,nscorahg3@iastate.edu,629347791,0
fpartletong4,AY6BRfMak0,Fernando,Partleton,fpartletong4@iastate.edu,199208558,0
lmadging5,KZfWoHSxVgss,Liam,Madgin,lmadging5@iastate.edu,803993367,0
eobingtong6,DaUtTm30z,Effie,Obington,eobingtong6@iastate.edu,281810628,0
idaubneyg7,IhlhuCcS5X,Irina,D'Aubney,idaubneyg7@iastate.edu,119545158,0
fbishellg8,dtFaN5gx,Fraser,Bishell,fbishellg8@iastate.edu,356782806,0
lcasementg9,ZnKBre7GjX4,Lissie,Casement,lcasementg9@iastate.edu,462588361,0
alynnettga,eXKtbaeEQR1X,Arron,Lynnett,alynnettga@iastate.edu,820767314,0
rrizziellogb,usr8kyie3x,Rayna,Rizziello,rrizziellogb@iastate.edu,834858827,0
haldringc,u1khNaVhb5D,Hyman,Aldrin,haldringc@iastate.edu,682220271,0
flindupgd,jzqCj7,Frederic,Lindup,flindupgd@iastate.edu,458942127,0
dspadaroge,XZe4eesXxf,Doralyn,Spadaro,dspadaroge@iastate.edu,861039930,0
cseggegf,bhdkOUw,Carrol,Segge,cseggegf@iastate.edu,949808004,0
theishamgg,IPbvh9dKUUM,Tera,Heisham,theishamgg@iastate.edu,807112542,0
cgillespeygh,1m8AriwBLjm,Cordey,Gillespey,cgillespeygh@iastate.edu,175802478,0
amadgewickgi,rYHE7sO,Alix,Madgewick,amadgewickgi@iastate.edu,160546024,0
rquantgj,WPYOdn56dyL,Rubi,Quant,rquantgj@iastate.edu,496540610,0
bnoweakgk,0WFU9UjRW,Bambie,Noweak,bnoweakgk@iastate.edu,392535761,0
golennanegl,igVgPyHlE,Galina,O'Lennane,golennanegl@iastate.edu,119648403,0
gdaymondgm,s2pR6HVbZa,Gareth,Daymond,gdaymondgm@iastate.edu,876829472,0
malexandrougn,GAZ53qfrc4I,Madelene,Alexandrou,malexandrougn@iastate.edu,918548901,0
adanielsgo,6j2v7SYEd6B,Abigail,Daniels,adanielsgo@iastate.edu,619678262,0
mpykettgp,wNz2Ayw,Montgomery,Pykett,mpykettgp@iastate.edu,797791717,0
oharkessgq,1jzQ0ociXn,Olenka,Harkess,oharkessgq@iastate.edu,621961787,0
kfrangletongr,Mhj4xkM,Kessiah,Frangleton,kfrangletongr@iastate.edu,569526031,0
anorkuttgs,NEg16jgLTeI,Abdel,Norkutt,anorkuttgs@iastate.edu,612358427,0
sbrettgt,pfBQob3xcE4,Sindee,Brett,sbrettgt@iastate.edu,529966937,0
acroshergu,JhAOXL,Austina,Crosher,acroshergu@iastate.edu,648277072,0
bdearnalygv,4qFJeJU90Qz0,Bellanca,Dearnaly,bdearnalygv@iastate.edu,952660868,0
ecopcotegw,1lSOMdhdcTjE,Esma,Copcote,ecopcotegw@iastate.edu,399047242,0
jkubasiewiczgx,oLZe5HozwAc,Jaynell,Kubasiewicz,jkubasiewiczgx@iastate.edu,445567789,0
hpattullogy,7pywPAbxTXI,Hernando,Pattullo,hpattullogy@iastate.edu,470632625,0
bheinekengz,aPTwwTFtgK6,Benny,Heineken,bheinekengz@iastate.edu,278121356,0
ifierroh0,v0TisEJN2ATu,Ingelbert,Fierro,ifierroh0@iastate.edu,783514407,0
sskynerh1,h4tu9S0S,Shermy,Skyner,sskynerh1@iastate.edu,221905531,0
awardroph2,kaajqsJHL7A,Aime,Wardrop,awardroph2@iastate.edu,234095381,0
abreederh3,q7Vgbndf,Aleksandr,Breeder,abreederh3@iastate.edu,327878383,0
sguwerh4,y9DKO789CE,Saunder,Guwer,sguwerh4@iastate.edu,368835384,0
ggiabuccih5,4AodlP,Gib,Giabucci,ggiabuccih5@iastate.edu,595574837,0
tapplegateh6,bcY1CvCwN0W,Trixy,Applegate,tapplegateh6@iastate.edu,903466982,0
dbabbageh7,X6YCYDtck3hY,Dav,Babbage,dbabbageh7@iastate.edu,337446719,0
nmournianh8,KWJifqMXuH,Nelli,Mournian,nmournianh8@iastate.edu,880779651,0
wmiliffeh9,WZPXfYbCSPgk,Wilow,Miliffe,wmiliffeh9@iastate.edu,910504987,0
espedroniha,BoclLgXUO,Ernestus,Spedroni,espedroniha@iastate.edu,350479999,0
rkillgushb,CjOIes,Rochella,Killgus,rkillgushb@iastate.edu,881608710,0
pwarrenhc,06IhCb,Peyton,Warren,pwarrenhc@iastate.edu,801457464,0
coultramhd,AmpMN8s0,Clay,Oultram,coultramhd@iastate.edu,643527681,0
ftunnowhe,pMBiHxShX3,Fraze,Tunnow,ftunnowhe@iastate.edu,403605509,0
dstandellhf,dpab6Fn,Delbert,Standell,dstandellhf@iastate.edu,515041074,0
gdedomenicohg,74ef1c2QEeR,Gabby,De Domenico,gdedomenicohg@iastate.edu,656552609,0
wrapahh,BquCKZ,Wanids,Rapa,wrapahh@iastate.edu,439190008,0
idykashi,Ny6M4hlPP7,Irwinn,Dykas,idykashi@iastate.edu,318842075,0
avellenderhj,YCf5PzCzns,Aurilia,Vellender,avellenderhj@iastate.edu,684053069,0
dnazerhk,AeXgoN,Dania,Nazer,dnazerhk@iastate.edu,621763027,0
sansleyhl,jfDTI7Q1,Saxe,Ansley,sansleyhl@iastate.edu,857273787,0
hmorrisonhm,RIKycQj,Hurley,Morrison,hmorrisonhm@iastate.edu,303113140,0
skemberhn,EvmJRdf,Smith,Kember,skemberhn@iastate.edu,576008798,0
rruselinho,WD9XB5O9Gazk,Reta,Ruselin,rruselinho@iastate.edu,621352198,0
gfranciottoihp,EGOG3KGlVh1,Grace,Franciottoi,gfranciottoihp@iastate.edu,140940517,0
mhumblehq,bVoQcz,Margit,Humble,mhumblehq@iastate.edu,315262548,0
gspottiswoodehr,QAPwvp5,Gennifer,Spottiswoode,gspottiswoodehr@iastate.edu,212199694,0
djenkisonhs,rWBUiBoUhTJ,Doretta,Jenkison,djenkisonhs@iastate.edu,129458343,0
jelfleetht,1tiORrj5h,Jobi,Elfleet,jelfleetht@iastate.edu,352001310,0
ghildredhu,xBpCYis,Genevra,Hildred,ghildredhu@iastate.edu,621086050,0
mtauntonhv,Sxbzkdncpp,Michele,Taunton,mtauntonhv@iastate.edu,242087793,0
kmccoughanhw,DfUTNCRap,Kristy,Mc Coughan,kmccoughanhw@iastate.edu,310234856,0
dalandhx,Ho9Fbu,Dieter,Aland,dalandhx@iastate.edu,825133664,0
jsaunperhy,FmJpBbCM0ySG,Jo-ann,Saunper,jsaunperhy@iastate.edu,728091976,0
mdecourcyhz,LMrsta,Minnaminnie,Decourcy,mdecourcyhz@iastate.edu,322784279,0
frothoni0,iBNtTyam,Filmore,Rothon,frothoni0@iastate.edu,534275281,0
asimonssoni1,YlStX71TCpe,Arielle,Simonsson,asimonssoni1@iastate.edu,952355672,0
iwillavizei2,FctRSl8rlq,Isak,Willavize,iwillavizei2@iastate.edu,158283547,0
pgodthaabi3,akqnzz3hOCz,Phineas,Godthaab,pgodthaabi3@iastate.edu,351368522,0
rcoppinsi4,GxCYtGlbO,Rriocard,Coppins,rcoppinsi4@iastate.edu,180430474,0
cdamatoi5,da4XR1I5mSJE,Celka,Damato,cdamatoi5@iastate.edu,940558156,0
dhourstani6,iVgJ3jV3t,Diane,Hourstan,dhourstani6@iastate.edu,720856756,0
aphelipsi7,Q1IkTfTmCHP,Adelind,Phelips,aphelipsi7@iastate.edu,100633047,0
hethridgei8,uFUjuOWAfQ2,Hurley,Ethridge,hethridgei8@iastate.edu,411336066,0
bwindlei9,dGE1fNDrq,Brandy,Windle,bwindlei9@iastate.edu,541718305,0
ekisbeyia,iDl6DP,Ettie,Kisbey,ekisbeyia@iastate.edu,143424825,0
vwrathmallib,f6tKJgpKb,Virgie,Wrathmall,vwrathmallib@iastate.edu,984898318,0
tbesnardeauic,w5we1QLIb,Tobey,Besnardeau,tbesnardeauic@iastate.edu,385053203,0
tbremeyerid,Vyf8QuOJ,Terrie,Bremeyer,tbremeyerid@iastate.edu,935510558,0
ypleasantsie,meQ7Zg7,Yalonda,Pleasants,ypleasantsie@iastate.edu,834644796,0
pbendigif,y2gTrK,Petrina,Bendig,pbendigif@iastate.edu,611099238,0
ddrewsig,QSfR5f,Dalis,Drews,ddrewsig@iastate.edu,257815538,0
jbartlomieczakih,MqoWh1vObop,Jessamine,Bartlomieczak,jbartlomieczakih@iastate.edu,341942070,0
ctreffryii,iGKXAgABM7Ag,Carolyn,Treffry,ctreffryii@iastate.edu,176546441,0
ahastij,HoxnYm6GF9Q,Alfredo,Hast,ahastij@iastate.edu,685074641,0
bpenrethik,9sl8szRYF,Bridgette,Penreth,bpenrethik@iastate.edu,655139125,0
smuldownieil,fgyJJqJduvL,Shalom,Muldownie,smuldownieil@iastate.edu,247997844,0
boveryim,pSfbPJsLZ,Bevan,Overy,boveryim@iastate.edu,523474107,0
clambellin,uiAtHBSeAmaS,Cecil,Lambell,clambellin@iastate.edu,298281745,0
kkundertio,unAXXs4Q3,Kelly,Kundert,kkundertio@iastate.edu,772034669,0
atregensoeip,ZT9KCUUK,Adoree,Tregensoe,atregensoeip@iastate.edu,242312786,0
eridpathiq,zeTg1daH,Evonne,Ridpath,eridpathiq@iastate.edu,426053578,0
bzupair,oElpSdZmy,Berkeley,Zupa,bzupair@iastate.edu,607052891,0
kreignoldsis,OccVK4m8,Kasey,Reignolds,kreignoldsis@iastate.edu,245910052,0
zaspyit,DZnIxKopRZ6,Zollie,Aspy,zaspyit@iastate.edu,168827165,0
rsparyiu,vPhhM667kW,Rickert,Spary,rsparyiu@iastate.edu,697960404,0
wyoelliv,rI7kt97,Willi,Yoell,wyoelliv@iastate.edu,850752691,0
jmallabyiw,MACRwAOrGHir,Juliette,Mallaby,jmallabyiw@iastate.edu,375148188,0
ablacketix,HKl42Ma3KdV0,Alla,Blacket,ablacketix@iastate.edu,956445163,0
avaudreyiy,R3T85YnAQk1K,Alyosha,Vaudrey,avaudreyiy@iastate.edu,986712962,0
cbirneyiz,UnMp1Zmvht,Cornelia,Birney,cbirneyiz@iastate.edu,718644172,0
acrinsonj0,3Th9by82,Arty,Crinson,acrinsonj0@iastate.edu,293195159,0
bspunerj1,IWzzJJM8hMEH,Bartlett,Spuner,bspunerj1@iastate.edu,812409922,0
jdellascalaj2,gMKo8et,Jeddy,Della Scala,jdellascalaj2@iastate.edu,598923471,0
tmeatonj3,toNjArwDt,Theodosia,Meaton,tmeatonj3@iastate.edu,544031950,0
sthridgouldj4,YO3DLESbMoRd,Seward,Thridgould,sthridgouldj4@iastate.edu,508449167,0
dfearickj5,e6xXo5,Derron,Fearick,dfearickj5@iastate.edu,691323478,0
cskrinesj6,m8z7vL8YMqYy,Coretta,Skrines,cskrinesj6@iastate.edu,760366779,0
dgooderhamj7,4J0fdVax,Dahlia,Gooderham,dgooderhamj7@iastate.edu,487681506,0
rblodgettsj8,Uc1Pclq,Roderic,Blodgetts,rblodgettsj8@iastate.edu,520858451,0
welwellj9,rYzFGTU6to0f,Willabella,Elwell,welwellj9@iastate.edu,853985413,0
vstrondja,Batr7NFa4,Viviyan,Strond,vstrondja@iastate.edu,680648453,0
sinesonjb,aogn21Ily,Stephan,Ineson,sinesonjb@iastate.edu,176220401,0
rjolleyjc,gnE7srzBBD9y,Robinson,Jolley,rjolleyjc@iastate.edu,593695205,0
jmullesjd,poreF6Kxq,Jacquelyn,Mulles,jmullesjd@iastate.edu,346143683,0
jboakeje,DIe7SkChi,Jemimah,Boake,jboakeje@iastate.edu,532459471,0
mcrudenjf,ZloDc7,Margeaux,Cruden,mcrudenjf@iastate.edu,178092719,0
tmargettjg,f3LdQJgp,Teodoro,Margett,tmargettjg@iastate.edu,926635066,0
flanmeidjh,8bj1Fp5,Fairlie,Lanmeid,flanmeidjh@iastate.edu,510434675,0
khallowellji,01KHTiIV13,Kora,Hallowell,khallowellji@iastate.edu,911009210,0
ldozdilljj,551JWL,Leroy,Dozdill,ldozdilljj@iastate.edu,238911598,0
memmjk,fs05et,Mervin,Emm,memmjk@iastate.edu,306514340,0
dmorforthjl,eWhHnd,Deane,Morforth,dmorforthjl@iastate.edu,738459368,0
jbariballjm,n0nGCjBoNlR,Janella,Bariball,jbariballjm@iastate.edu,452781389,0
gagutterjn,3I5SLDA4Gp,Gun,Agutter,gagutterjn@iastate.edu,167835936,0
abroinlichjo,a7hg3skC,Anselm,Broinlich,abroinlichjo@iastate.edu,651447291,0
wrockjp,Uxolytr4,Ware,Rock,wrockjp@iastate.edu,662176249,0
abrambilljq,AcMPjvUd,Alwin,Brambill,abrambilljq@iastate.edu,973939072,0
kclaeskensjr,1H70imTNyhWA,Kora,Claeskens,kclaeskensjr@iastate.edu,439818829,0
adenneyjs,XW51vA,Adiana,Denney,adenneyjs@iastate.edu,823263608,0
hklouzjt,l0xnXic0ZI,Heidie,Klouz,hklouzjt@iastate.edu,685781473,0
gsucklingju,9RelEkDQd,Gaynor,Suckling,gsucklingju@iastate.edu,725462218,0
gfranceschinojv,TYh8rxsn75,Gabriell,Franceschino,gfranceschinojv@iastate.edu,637843322,0
gsharvilljw,aucuvKE,Gwendolin,Sharvill,gsharvilljw@iastate.edu,339345904,0
kperrisjx,RJ2SUYcqX,Kettie,Perris,kperrisjx@iastate.edu,104224404,0
cosbidstonjy,VeXMyj,Claresta,Osbidston,cosbidstonjy@iastate.edu,867527177,0
kumneyjz,jOCKw9enj,King,Umney,kumneyjz@iastate.edu,271319523,0
rcrosoerk0,dJgAkDm,Raeann,Crosoer,rcrosoerk0@iastate.edu,731260575,0
cdumperk1,TyEOxT,Candie,Dumper,cdumperk1@iastate.edu,160069000,0
regdalek2,hTas76IJzY,Roderick,Egdale,regdalek2@iastate.edu,352739884,0
bteasek3,EASflNmG,Burnaby,Tease,bteasek3@iastate.edu,247779292,0
thallihanek4,ni35G9P,Templeton,Hallihane,thallihanek4@iastate.edu,747729390,0
msalvink5,aoi3Hg,Mahalia,Salvin,msalvink5@iastate.edu,911045169,0
mdumphryk6,6lqU6bz6,Malcolm,Dumphry,mdumphryk6@iastate.edu,355726575,0
kpoyserk7,YgGHwB0oLj,Klaus,Poyser,kpoyserk7@iastate.edu,727537812,0
ghowelsk8,SD2f9QQdc,Garner,Howels,ghowelsk8@iastate.edu,805242909,0
bjillissk9,nmix7DArQH,Beatrice,Jilliss,bjillissk9@iastate.edu,285018587,0
cdulyka,EhlFM7t,Clemence,Duly,cdulyka@iastate.edu,513722910,0
bhuffadinekb,qI7SmxR,Buck,Huffadine,bhuffadinekb@iastate.edu,283088974,0
nreidekc,qzdVVd,Normy,Reide,nreidekc@iastate.edu,757423339,0
htrodlerkd,Ztt3g4df,Huntlee,Trodler,htrodlerkd@iastate.edu,675587576,0
dtawtonke,dGIMd75n0,Desdemona,Tawton,dtawtonke@iastate.edu,703829408,0
dblaxtonkf,B22bfmEJHh,Drusilla,Blaxton,dblaxtonkf@iastate.edu,497603400,0
nyettskg,Nm4p6n,Noni,Yetts,nyettskg@iastate.edu,888797406,0
hgolbournkh,kqLhppXdu,Harvey,Golbourn,hgolbournkh@iastate.edu,471761672,0
krustonki,zNYnAM,Killie,Ruston,krustonki@iastate.edu,184905924,0
sbrashierkj,9m7aeYqzol,Sharyl,Brashier,sbrashierkj@iastate.edu,617924191,0
wdreinikk,jrrG7kX0WFk,Wilbur,Dreini,wdreinikk@iastate.edu,382769105,0
blintallkl,fRkVEtey,Birgitta,Lintall,blintallkl@iastate.edu,496252248,0
amerietkm,nUQqdNPBlRQt,Angel,Meriet,amerietkm@iastate.edu,590769408,0
jissittkn,8g7K30voQL7,Jeffrey,Issitt,jissittkn@iastate.edu,521685252,0
wputtenko,NIVxoLxXZ,Werner,Putten,wputtenko@iastate.edu,175434337,0
xshewringkp,OONwpDw8QKP,Xenia,Shewring,xshewringkp@iastate.edu,873980467,0
jkirtonkq,JPBYUHCNFu,Joelle,Kirton,jkirtonkq@iastate.edu,210390295,0
blukianovkr,9PjGNpTC0a,Blair,Lukianov,blukianovkr@iastate.edu,408928650,0
llevaneks,Gxx23bn4Khh,Lyndsey,Levane,llevaneks@iastate.edu,133872875,0
lhardbattlekt,4nYSfnmw9,Lauretta,Hardbattle,lhardbattlekt@iastate.edu,458125879,0
chartlandku,wbb6oNMT,Cristin,Hartland,chartlandku@iastate.edu,240088802,0
tmaskallkv,piU5nZp24,Tandie,Maskall,tmaskallkv@iastate.edu,473893512,0
gstormontkw,317Ub9,Ginnifer,Stormont,gstormontkw@iastate.edu,147647416,0
wgoodshipkx,DstNJmLp,Waneta,Goodship,wgoodshipkx@iastate.edu,723349799,0
lswindallky,QO0ISYoIp,Lorinda,Swindall,lswindallky@iastate.edu,756386511,0
fiskowitzkz,jIyhMm98ej,Florella,Iskowitz,fiskowitzkz@iastate.edu,831201915,0
dleggenl0,dxpZNE4lPq7,Denna,Leggen,dleggenl0@iastate.edu,179324125,0
hdongatel1,EjM5bMYHY,Horace,Dongate,hdongatel1@iastate.edu,418434963,0
jstruijsl2,ZYc3u91h5K3K,Jacqui,Struijs,jstruijsl2@iastate.edu,288188804,0
aceccolil3,4SRLXAYcfT4,Ayn,Ceccoli,aceccolil3@iastate.edu,254046389,0
mweldonl4,oncmES,Meggi,Weldon,mweldonl4@iastate.edu,691120321,0
osantusl5,G2mwUM,Ophelie,Santus,osantusl5@iastate.edu,403895718,0
lkilgallonl6,tFX2DQ,Lionello,Kilgallon,lkilgallonl6@iastate.edu,528415795,0
zceresal7,9eq1mTEPMN,Zonnya,Ceresa,zceresal7@iastate.edu,316963504,0
evaughtenl8,BNv06jFU,Ethelbert,Vaughten,evaughtenl8@iastate.edu,845086289,0
msinderlandl9,YfnRvzM,Merrill,Sinderland,msinderlandl9@iastate.edu,629771511,0
jtrevertonla,NUifgL0mdx4,Jacklin,Treverton,jtrevertonla@iastate.edu,841011795,0
lfrontczaklb,ySdzIyzybVvO,Langsdon,Frontczak,lfrontczaklb@iastate.edu,485741909,0
hpierslc,stT2e7wb3i,Hillard,Piers,hpierslc@iastate.edu,730517775,0
bchealeld,JtgjsDHB,Brittni,Cheale,bchealeld@iastate.edu,299637557,0
tadamoviczle,6ktYHIo7j,Tiffie,Adamovicz,tadamoviczle@iastate.edu,908171159,0
amckirdylf,1JXsk0BdovM,Armstrong,McKirdy,amckirdylf@iastate.edu,129145432,0
gdrinkeldlg,LwQ8brr8,Gale,Drinkeld,gdrinkeldlg@iastate.edu,662742079,0
akleynenlh,Srjq9rzWVb,Arluene,Kleynen,akleynenlh@iastate.edu,691364284,0
hrudolferli,MlxP3gC,Hodge,Rudolfer,hrudolferli@iastate.edu,491321523,0
cmityushkinlj,2d69t4ZvPh,Corney,Mityushkin,cmityushkinlj@iastate.edu,519287462,0
bmertschinglk,py3bh6yX3xe,Bank,Mertsching,bmertschinglk@iastate.edu,633852048,0
astaffordll,tLlROtDB,Anabelle,Stafford,astaffordll@iastate.edu,781558106,0
thesserlm,icYDaKIyzA,Tami,Hesser,thesserlm@iastate.edu,216290204,0
gklimkowskiln,oGflcrJCCv48,Giulietta,Klimkowski,gklimkowskiln@iastate.edu,395875728,0
emanionlo,w2twcz8a,Eleanore,Manion,emanionlo@iastate.edu,758520782,0
kjendaslp,5pJwaTTuC4ND,Kati,Jendas,kjendaslp@iastate.edu,490884180,0
tmulrenanlq,k6IlF6pR6,Thoma,Mulrenan,tmulrenanlq@iastate.edu,553430465,0
rsaunderslr,161eKIUpTT,Raquel,Saunders,rsaunderslr@iastate.edu,283290187,0
fcosgriffls,ZFmGpj44RnI,Faydra,Cosgriff,fcosgriffls@iastate.edu,397573841,0
rdootsonlt,GnWIj1,Rochester,Dootson,rdootsonlt@iastate.edu,711667408,0
bkleinsteinlu,L6vPrgnANi,Brenna,Kleinstein,bkleinsteinlu@iastate.edu,175678211,0
njostlv,5oNOpTWTdH7,Nero,Jost,njostlv@iastate.edu,352843006,0
gciciottilw,GZkummsD1GN,Grazia,Ciciotti,gciciottilw@iastate.edu,997191184,0
adoodneylx,Cj2lFgQHMu,Aurie,Doodney,adoodneylx@iastate.edu,635742351,0
pstembridgely,JvkAZE8M,Phil,Stembridge,pstembridgely@iastate.edu,815186415,0
rboundslz,vyuEmmN,Robb,Bounds,rboundslz@iastate.edu,780792057,0
eayshm0,qd9ijwdKu,Eric,Aysh,eayshm0@iastate.edu,644732345,0
lhernikm1,mB581Zm6,Lezlie,Hernik,lhernikm1@iastate.edu,619400122,0
vcordem2,qd2v3sEF,Vittorio,Corde,vcordem2@iastate.edu,119040391,0
ainstockm3,3ZsLklFwgv,Athene,Instock,ainstockm3@iastate.edu,603810472,0
cdifriscom4,vcknl22,Codee,Di Frisco,cdifriscom4@iastate.edu,229841599,0
tlamputtm5,cFlsqst3sRi,Tadeo,Lamputt,tlamputtm5@iastate.edu,830293654,0
bbavridgem6,pcSlvtH3pHW,Byram,Bavridge,bbavridgem6@iastate.edu,268549662,0
agaughanm7,ntLih0,Ansell,Gaughan,agaughanm7@iastate.edu,516587746,0
bodomm8,yTt6pnOOAGs5,Brandie,Odom,bodomm8@iastate.edu,456275366,0
mwhittakerm9,siql2btmW,Mortie,Whittaker,mwhittakerm9@iastate.edu,530587076,0
kbursellma,VNDCaK,Kimbra,Bursell,kbursellma@iastate.edu,239481160,0
sknappittmb,pQPU3KUXkg8,Stormie,Knappitt,sknappittmb@iastate.edu,283613131,0
vwlochmc,gHG7kfcP0wcT,Violetta,Wloch,vwlochmc@iastate.edu,947556450,0
ldowdneymd,NtMb5KEMk,Lea,Dowdney,ldowdneymd@iastate.edu,478628583,0
tvealme,6eZxikOrS,Tammi,Veal,tvealme@iastate.edu,539834485,0
ahannaymf,hC9YsboT,Alano,Hannay,ahannaymf@iastate.edu,466186986,0
hfrantzmg,oKE5O6oP7cL6,Hendrik,Frantz,hfrantzmg@iastate.edu,635427625,0
dstintonmh,a8BtQpIkEY7,Davin,Stinton,dstintonmh@iastate.edu,725793780,0
gwrenchmi,lKD85DV,Garwin,Wrench,gwrenchmi@iastate.edu,747729492,0
sdaniellmj,2snp7f3nv,Stevena,Daniell,sdaniellmj@iastate.edu,850105788,0
ksellarsmk,Ct94mECI,Killian,Sellars,ksellarsmk@iastate.edu,724622752,0
ssurteesml,tSbXNpSf,Sybil,Surtees,ssurteesml@iastate.edu,898528218,0
tcoryndonmm,z8Gaj0,Tina,Coryndon,tcoryndonmm@iastate.edu,684938380,0
sboyettmn,9ez23SY5iQ,Skipton,Boyett,sboyettmn@iastate.edu,344854561,0
sgonnardmo,hgxgrwN,Sandy,Gonnard,sgonnardmo@iastate.edu,612898537,0
kandersonmp,29AQDwtG,Kyle,Anderson,kandersonmp@iastate.edu,514250649,0
ipetchellmq,zy6zANX7p,Iorgos,Petchell,ipetchellmq@iastate.edu,650292579,0
erawcliffmr,ld0GBhBX,Elvyn,Rawcliff,erawcliffmr@iastate.edu,919384759,0
fcartinms,O0DTR7Lg6Y4z,Florinda,Cartin,fcartinms@iastate.edu,964917100,0
emantripmt,wqH8Xnr,Enrico,Mantrip,emantripmt@iastate.edu,345000202,0
lgoodbymu,YL23N7,Lenna,Goodby,lgoodbymu@iastate.edu,694733833,0
cbrattmv,JtcDk2C,Chucho,Bratt,cbrattmv@iastate.edu,879984201,0
cklampkmw,UFPcaPcaI,Cami,Klampk,cklampkmw@iastate.edu,970798867,0
wesmondemx,Lo4KKcUQBSj,Winnie,Esmonde,wesmondemx@iastate.edu,679324184,0
mwroathmy,tiDN9lCCT,Monica,Wroath,mwroathmy@iastate.edu,519086900,0
wkettlestringesmz,8TyILUFtZtvJ,Wolfgang,Kettlestringes,wkettlestringesmz@iastate.edu,175929233,0
dbakeupn0,Bwttf8SKqu,Dyana,Bakeup,dbakeupn0@iastate.edu,452174195,0
rfawssettn1,D7n1lydH,Roderick,Fawssett,rfawssettn1@iastate.edu,904513009,0
wmckinnonn2,allyevFn,Wyn,McKinnon,wmckinnonn2@iastate.edu,647607947,0
agumbyn3,cfqBTq,Aubrette,Gumby,agumbyn3@iastate.edu,504592112,0
abeeversn4,TgY2wz9wva,Arda,Beevers,abeeversn4@iastate.edu,826805405,0
eesomen5,d44rtqcoTuz,Emory,Esome,eesomen5@iastate.edu,133624368,0
volagenen6,jCsvBZhPYhd,Vince,O'Lagene,volagenen6@iastate.edu,166400655,0
lstandbridgen7,lM1AH1qIPBIN,Lucinda,Standbridge,lstandbridgen7@iastate.edu,843586268,0
cholsonn8,kxFOUTkrF7m,Chloe,Holson,cholsonn8@iastate.edu,646435605,0
dedkinsn9,Dkz6VIwN8s,Darrelle,Edkins,dedkinsn9@iastate.edu,313607660,0
qlehmannna,HzHTcFwBh,Quill,Lehmann,qlehmannna@iastate.edu,631230916,0
etippernb,6eNQLiQQZq1O,Emmalynne,Tipper,etippernb@iastate.edu,653173385,0
tmacanespienc,CyL7CaE5z,Torie,MacAnespie,tmacanespienc@iastate.edu,698645840,0
bjosifovitznd,3s7VMnD,Belita,Josifovitz,bjosifovitznd@iastate.edu,116640789,0
ctimperleyne,nChgTDwmxcrC,Cassie,Timperley,ctimperleyne@iastate.edu,927396504,0
dbassingdennf,P9GqT8Kpd5,Dionne,Bassingden,dbassingdennf@iastate.edu,952265325,0
hbillingeng,Nkmsdq,Helge,Billinge,hbillingeng@iastate.edu,228405103,0
wvancenh,r4iD054FlL,Wakefield,Vance,wvancenh@iastate.edu,397133719,0
dprineni,NFGznuo8s,Doyle,Prine,dprineni@iastate.edu,858005953,0
mhabletnj,d1hNuq6ZnVA,May,Hablet,mhabletnj@iastate.edu,474356373,0
imaffiottink,Hl7W4b,Ivie,Maffiotti,imaffiottink@iastate.edu,959165043,0
emounchernl,DQwgIl20yXy,Emyle,Mouncher,emounchernl@iastate.edu,667814049,0
ereavellnm,z1qXjPskT,Evania,Reavell,ereavellnm@iastate.edu,840272003,0
ucavillann,DRgNcvV,Ursuline,Cavilla,ucavillann@iastate.edu,933890153,0
jtimmermannno,GoicVRTbVS,Joceline,Timmermann,jtimmermannno@iastate.edu,869834360,0
gmathesonnp,IWvweVm,Gillie,Matheson,gmathesonnp@iastate.edu,340050777,0
jclaquenq,bsuTVuVC,Jobyna,Claque,jclaquenq@iastate.edu,125906383,0
fveallnr,J4vjXZ,Florian,Veall,fveallnr@iastate.edu,611271955,0
ccokaynens,rKidcg,Charlie,Cokayne,ccokaynens@iastate.edu,128234031,0
omenguent,lR2uSylJFN5,Osmund,Mengue,omenguent@iastate.edu,802316700,0
lwegenennu,8JqPGAGeZzE,Linda,Wegenen,lwegenennu@iastate.edu,660613629,0
sgerrannv,6bVfbS3ZS53,Sonny,Gerran,sgerrannv@iastate.edu,542787204,0
bgiraldonw,ibsBa36R7Bqc,Bennie,Giraldo,bgiraldonw@iastate.edu,620959431,0
nstanwixnx,w6mG2sL,Nelia,Stanwix,nstanwixnx@iastate.edu,100033974,0
acandlinny,Rsb4epG9sD,Ann,Candlin,acandlinny@iastate.edu,767219669,0
arainbirdnz,grKAmTObS8S,Adore,Rainbird,arainbirdnz@iastate.edu,847664680,0
vcripwello0,AKCjegk,Viv,Cripwell,vcripwello0@iastate.edu,906534073,0
hprantlo1,NURofLKNFRgc,Hakeem,Prantl,hprantlo1@iastate.edu,431985179,0
aaxfordo2,Np1yeoeKw,Alfonse,Axford,aaxfordo2@iastate.edu,355838581,0
lgrationo3,d6Hk1o9sp,Livia,Gration,lgrationo3@iastate.edu,805224273,0
oscarmano4,VNhbvZfBeK,Ozzy,Scarman,oscarmano4@iastate.edu,694820340,0
lgorvetteo5,J7J1ty,Lawrence,Gorvette,lgorvetteo5@iastate.edu,909288967,0
eroalfeo6,yKmuFe,Eolanda,Roalfe,eroalfeo6@iastate.edu,595918711,0
pscrimshireo7,QYdhtznV42,Palm,Scrimshire,pscrimshireo7@iastate.edu,619616958,0
ralmacko8,vYg4YtRjIuUY,Ray,Almack,ralmacko8@iastate.edu,276031280,0
chazelgroveo9,gWgca1I,Cchaddie,Hazelgrove,chazelgroveo9@iastate.edu,571688585,0
scrosbieoa,49RBDpk,Sayer,Crosbie,scrosbieoa@iastate.edu,988087647,0
cberntssonob,zQeMtXJS3H,Cindie,Berntsson,cberntssonob@iastate.edu,420598781,0
rvainesoc,GdC2z0,Rosalie,Vaines,rvainesoc@iastate.edu,136640122,0
aaldermanod,H4p5uHf6y,Alfred,Alderman,aaldermanod@iastate.edu,368602318,0
vbegleyoe,665tBEc,Vivienne,Begley,vbegleyoe@iastate.edu,220816271,0
mdradeyof,jH13KMcD1P,Mace,Dradey,mdradeyof@iastate.edu,910361300,0
gtaksog,vW03Ei,Gabriela,Taks,gtaksog@iastate.edu,422291997,0
ncholoninoh,ThH49czHF4Ra,Noel,Cholonin,ncholoninoh@iastate.edu,159542843,0
tgullimanoi,zH5TMVGxU,Timmie,Gulliman,tgullimanoi@iastate.edu,308107348,0
bmattoj,f8GzNJ,Belita,Matt,bmattoj@iastate.edu,975198780,0
tholtomok,R2DvXGe,Thor,Holtom,tholtomok@iastate.edu,503985889,0
jhubol,AzFZWY,Jaquenette,Hub,jhubol@iastate.edu,268076967,0
cjoyceom,CdHUPL6fF,Clarabelle,Joyce,cjoyceom@iastate.edu,193929065,0
msutherdenon,I0jqOmstpo,Millard,Sutherden,msutherdenon@iastate.edu,294399548,0
lfranzettioo,yT5dUbK,Liz,Franzetti,lfranzettioo@iastate.edu,765258952,0
adeamerop,Pe7Mb3r,Anthiathia,Deamer,adeamerop@iastate.edu,110415574,0
cyannikovoq,GuJduSyohx,Carver,Yannikov,cyannikovoq@iastate.edu,650896871,0
bweatherleyor,AmIYW7,Bryon,Weatherley,bweatherleyor@iastate.edu,572873448,0
llundyos,YxSxQNWn16Ft,Leesa,Lundy,llundyos@iastate.edu,626523980,0
bwimpressot,5RWUF9X,Bari,Wimpress,bwimpressot@iastate.edu,223250694,0
dstruttmanou,inOjAy8Hgf,Damon,Struttman,dstruttmanou@iastate.edu,434215966,0
mklimushevov,mz2E6d,Marv,Klimushev,mklimushevov@iastate.edu,229722338,0
wthoumasow,HBHMGBVL,Wallie,Thoumas,wthoumasow@iastate.edu,804288706,0
iwharrierox,Kj2tWTx,Inger,Wharrier,iwharrierox@iastate.edu,320870906,0
apeironeoy,X2ipEj,Arlee,Peirone,apeironeoy@iastate.edu,117416632,0
acrapperoz,pz5epS8Sgt,Ardella,Crapper,acrapperoz@iastate.edu,499408217,0
wjakubowskip0,ICssGSGw14,Winona,Jakubowski,wjakubowskip0@iastate.edu,734787021,0
lphilpsp1,KGj6xvSP7p,Lazar,Philps,lphilpsp1@iastate.edu,453008028,0
lphillipsp2,JGoeXf7T5,Lancelot,Phillips,lphillipsp2@iastate.edu,410465543,0
cgoldinep3,CpTw4HhK,Cynthea,Goldine,cgoldinep3@iastate.edu,513326983,0
gdevereuxp4,NoBL0qhDGN,Gottfried,Devereux,gdevereuxp4@iastate.edu,282595772,0
lreynardp5,6SEdrBjkRb0,Lauri,Reynard,lreynardp5@iastate.edu,468325870,0
efahrenbachp6,wd9PArJThG,Estrellita,Fahrenbach,efahrenbachp6@iastate.edu,163941211,0
wstrutherp7,UDiVxs,Waverley,Struther,wstrutherp7@iastate.edu,580726178,0
astortonp8,3ZUMPwIumUsq,Aldric,Storton,astortonp8@iastate.edu,556365495,0
jmcchesneyp9,io0NVFFm,Jedediah,McChesney,jmcchesneyp9@iastate.edu,178283364,0
gsanciaspa,kKdv5BfW4F8,Gustie,Sancias,gsanciaspa@iastate.edu,780919215,0
matwellpb,NaX1FC,Marijn,Atwell,matwellpb@iastate.edu,273761190,0
khildrewpc,L2HJdCR,Kaylyn,Hildrew,khildrewpc@iastate.edu,729712386,0
iburrispd,kPYzZbEv,Ilise,Burris,iburrispd@iastate.edu,875225098,0
asheivelspe,jMlh3CtSs,Aveline,Sheivels,asheivelspe@iastate.edu,339741361,0
wproughtenpf,5iuWW8lorh,Westbrooke,Proughten,wproughtenpf@iastate.edu,855728921,0
hknaggespg,FPJBDIdq,Hogan,Knagges,hknaggespg@iastate.edu,151967708,0
mtremmelph,lvXKpF,Moshe,Tremmel,mtremmelph@iastate.edu,546171458,0
awishartpi,8wyw4udPOfh,Avivah,Wishart,awishartpi@iastate.edu,203977690,0
svanhallepj,ig5MbA,Sherman,Van Halle,svanhallepj@iastate.edu,188057962,0
estermanpk,NyVkr7NgsI,Elonore,Sterman,estermanpk@iastate.edu,829832473,0
cbrickdalepl,qJuomwoc,Cristi,Brickdale,cbrickdalepl@iastate.edu,579766448,0
rabrahmovicipm,AzCVXw,Rakel,Abrahmovici,rabrahmovicipm@iastate.edu,221033945,0
hfishbournpn,5xYK33,Hetty,Fishbourn,hfishbournpn@iastate.edu,705489990,0
rmctrustypo,GYsAFdi,Randy,Mc Trusty,rmctrustypo@iastate.edu,455356344,0
fbeedellpp,9gmjU8OOM9Zb,Francesca,Beedell,fbeedellpp@iastate.edu,837463663,0
wyashanovpq,dTjHhkn1s,Walden,Yashanov,wyashanovpq@iastate.edu,103896873,0
wstoatepr,IBnFY0Rb,Whittaker,Stoate,wstoatepr@iastate.edu,952082246,0
mfazziolips,98atLV,Myrwyn,Fazzioli,mfazziolips@iastate.edu,832883091,0
cleidenpt,l1wJamw,Cyndy,Leiden,cleidenpt@iastate.edu,279671414,0
mdismanpu,8n4Zm8G,Munmro,Disman,mdismanpu@iastate.edu,109239107,0
pserjentpv,Fp0s0N,Priscilla,Serjent,pserjentpv@iastate.edu,580615211,0
kashfoldpw,hBhH12I,Karrah,Ashfold,kashfoldpw@iastate.edu,677066691,0
mlonghornepx,oDwvY9,Monty,Longhorne,mlonghornepx@iastate.edu,352914433,0
bcolatonpy,rh1M0uid,Bond,Colaton,bcolatonpy@iastate.edu,150564201,0
gnairepz,TXda2wAxN,Gaspard,Naire,gnairepz@iastate.edu,248656812,0
pgillingq0,TzIcYu8r,Pamella,Gilling,pgillingq0@iastate.edu,267294561,0
cjohantgesq1,NVSkGjEeVU,Cherilynn,Johantges,cjohantgesq1@iastate.edu,384063722,0
msanfordq2,iW56saLE,Maryann,Sanford,msanfordq2@iastate.edu,732399507,0
qelnaughq3,6jETmD4,Quill,Elnaugh,qelnaughq3@iastate.edu,648571518,0
wmillimoeq4,X9CWIL4B,Weston,Millimoe,wmillimoeq4@iastate.edu,987538023,0
wchippindallq5,Pjf49CQ8xyu8,Willow,Chippindall,wchippindallq5@iastate.edu,188239779,0
dmewsq6,PoyoKKo1q,Devonne,Mews,dmewsq6@iastate.edu,551400286,0
mmilwardq7,aGEzHa,Max,Milward,mmilwardq7@iastate.edu,135047363,0
jblighq8,AdS9SYm5h4y,Jessika,Bligh,jblighq8@iastate.edu,329425260,0
lbarstowkq9,4NuHx7PyjMG,Lind,Barstowk,lbarstowkq9@iastate.edu,813455180,0
hboaterqa,Td9Fy4,Hildegaard,Boater,hboaterqa@iastate.edu,386777158,0
pduckerinqb,544EZNqHw5hT,Petronille,Duckerin,pduckerinqb@iastate.edu,375644415,0
amasseqc,Gz2V4jWus8,Abbe,Masse,amasseqc@iastate.edu,991668503,0
gbrewettqd,ohBhfY74Za,Gretchen,Brewett,gbrewettqd@iastate.edu,750996136,0
jslemmingqe,WBbkW0l,Jeanette,Slemming,jslemmingqe@iastate.edu,992690918,0
jdraycottqf,C8yW9Nw7kp,Jocelyne,Draycott,jdraycottqf@iastate.edu,176415479,0
msebrightqg,sc2Sv90e1TyL,Malynda,Sebright,msebrightqg@iastate.edu,770449949,0
cbertinqh,jpLwqsen7q9,Cam,Bertin,cbertinqh@iastate.edu,292326451,0
ssarchqi,wUDfIGsJf3M9,Sara,Sarch,ssarchqi@iastate.edu,889249998,0
mrelfqj,0mNr1SCjy,Melesa,Relf,mrelfqj@iastate.edu,182249146,0
tshortonqk,Wtb7CuP8Y,Teodoro,Shorton,tshortonqk@iastate.edu,877436854,0
achalcotql,WvGqZX,Alyda,Chalcot,achalcotql@iastate.edu,301488924,0
rbygateqm,eQQb7h17DMdu,Raimundo,Bygate,rbygateqm@iastate.edu,354389852,0
fgilfordqn,VIWcDQI,Fredrika,Gilford,fgilfordqn@iastate.edu,808229620,0
hesgateqo,1xsmEE23,Homere,Esgate,hesgateqo@iastate.edu,984980449,0
kschulkeqp,30qf6c,Kathryn,Schulke,kschulkeqp@iastate.edu,182074600,0
bcalderbankqq,YHINu2skkb5g,Berkeley,Calderbank,bcalderbankqq@iastate.edu,538705776,0
amckernanqr,L7qvADUn,Agathe,McKernan,amckernanqr@iastate.edu,772061191,0
epenkqs,BTlhql6c7,Emmet,Penk,epenkqs@iastate.edu,219804286,0
rpottageqt,QXCWtnoi,Rodina,Pottage,rpottageqt@iastate.edu,907139610,0
dturfesqu,Lv72lru2H50L,Dacie,Turfes,dturfesqu@iastate.edu,325222285,0
cbarnishqv,V8vkI4Zbq1L,Crysta,Barnish,cbarnishqv@iastate.edu,747960839,0
rdeavinqw,tqI2m329,Reg,Deavin,rdeavinqw@iastate.edu,855118529,0
mdowsingqx,d1nORZDqSG,Mallory,Dowsing,mdowsingqx@iastate.edu,989872882,0
eburgynqy,MNjhg6XLx,Esdras,Burgyn,eburgynqy@iastate.edu,698073599,0
cgoaleyqz,M5UMUfjZNP,Corinne,Goaley,cgoaleyqz@iastate.edu,803624245,0
shinkesr0,SNWWCaG2K6IP,Sasha,Hinkes,shinkesr0@iastate.edu,810288237,0
jfonsor1,HEFsW2ZbGCt,Jeth,Fonso,jfonsor1@iastate.edu,858136185,0
ikiffer2,yC0EpDD3O,Ileana,Kiffe,ikiffer2@iastate.edu,864618134,0
dparkesr3,cpnCRZF1Sn,Desirae,Parkes,dparkesr3@iastate.edu,358826012,0
jwarriorr4,1LxBZK,Jayson,Warrior,jwarriorr4@iastate.edu,543273898,0
kbarneviller5,HQJr4IFID,Kaila,Barneville,kbarneviller5@iastate.edu,983243194,0
ggeggier6,Yhq0VP,Genvieve,Geggie,ggeggier6@iastate.edu,879505115,0
sgortonr7,8QvmduMf3e,Sonny,Gorton,sgortonr7@iastate.edu,216038462,0
cscawtonr8,rshea23Pbjk,Currey,Scawton,cscawtonr8@iastate.edu,699613550,0
hbarendsr9,FlwM6sHUl2i6,Helenelizabeth,Barends,hbarendsr9@iastate.edu,122178744,0
seastburyra,zLk9hEUT,Stirling,Eastbury,seastburyra@iastate.edu,591405172,0
churburtrb,lQ6u1H,Christoforo,Hurburt,churburtrb@iastate.edu,523086801,0
cashleerc,rcc1ZrRQ5,Christel,Ashlee,cashleerc@iastate.edu,918475926,0
thedgerrd,dWEyBRfF,Tobit,Hedger,thedgerrd@iastate.edu,785163862,0
sdogertyre,PgPUFrqN9d85,Sully,Dogerty,sdogertyre@iastate.edu,223306702,0
jlangloisrf,hhkZGmaN6k,Jefferson,L' Anglois,jlangloisrf@iastate.edu,430457436,0
akitsonrg,IN8Jmsvszzpb,Axe,Kitson,akitsonrg@iastate.edu,925827704,0
dveldrh,YmabDK8ie,Del,Veld,dveldrh@iastate.edu,845166939,0
ggilyottri,PXOrsqk,Griffin,Gilyott,ggilyottri@iastate.edu,736078688,0
tgowlettrj,ztb4FxQ,Turner,Gowlett,tgowlettrj@iastate.edu,370852747,0
jcraighillrk,jjIWU4VZ2ZR4,Jeff,Craighill,jcraighillrk@iastate.edu,124488257,0
gmaeerrl,XinVl9C,Glenn,Maeer,gmaeerrl@iastate.edu,920696233,0
kiacoviellirm,ElGlugP8v,Karleen,Iacovielli,kiacoviellirm@iastate.edu,483551902,0
lshuttellrn,jmbZ5JXHGMd8,Lowe,Shuttell,lshuttellrn@iastate.edu,178672440,0
ldurakro,u7DDwP5V,Leola,Durak,ldurakro@iastate.edu,254051065,0
drodderrp,MaqWj0iDc6,Dredi,Rodder,drodderrp@iastate.edu,953983257,0
mcrowcherrq,QLI4bT8zvS,Melody,Crowcher,mcrowcherrq@iastate.edu,426537803,0
cmillionrr,VaWq7x8,Cecilius,Million,cmillionrr@iastate.edu,484057713,0
